Brands,Models,Colors,Memory,Storage,Camera,Rating,Selling Price,Original Price,Mobile
SAMSUNG,GALAXY M31S ,Mirage Black,8 GB,128 GB,Yes,4.3,19330,20999,SAMSUNG GALAXY M31S 
Nokia,3.2,Steel,2 GB,16 GB,Yes,3.8,10199,10199,Nokia 3.2
realme,C2 ,Diamond Black,2 GB,,Yes,4.4,6999,7999,realme C2 
Infinix,Note 5,Ice Blue,4 GB,64 GB,Yes,4.2,12999,12999,Infinix Note 5
Apple,iPhone 11 ,Black,4GB,64 GB,Yes,4.6,49900,49900,Apple iPhone 11 
GIONEE,L800,Black,8 MB,16 MB,Yes,4.0,2199,2199,GIONEE L800
Apple,iPhone 13 Mini ,Pink,6 GB,512 GB,Yes,,99900,99900,Apple iPhone 13 Mini 
Apple,iPhone XR ,Coral,3 GB,64 GB,Yes,4.6,42999,47900,Apple iPhone XR 
SAMSUNG,Galaxy E5 ,Brown,1.5 GB,16 GB,Yes,4.2,20400,20400,SAMSUNG Galaxy E5 
Xiaomi,Redmi Note 11T 5G,Aquamarine Blue,8 GB,128 GB,Yes,4.3,21736,22999,Xiaomi Redmi Note 11T 5G
SAMSUNG,Galaxy A12 ,Black,4 GB,64 GB,Yes,4.2,11989,11989,SAMSUNG Galaxy A12 
Apple,iPhone 11 ,Red,4GB,256 GB,Yes,4.6,64900,64900,Apple iPhone 11 
realme,X7 5G ,Nebula,6 GB,128 GB,Yes,4.3,19999,21999,realme X7 5G 
OPPO,A33,Moonlight Black,3 GB,32 GB,Yes,4.3,10490,12990,OPPO A33
vivo,V23 5G,Sunshine Gold,8 GB,128 GB,Yes,4.4,29990,34990,vivo V23 5G
vivo,Y20A 2021 ,Nebula Blue,,64 GB,Yes,3.8,39990,46990,vivo Y20A 2021 
Apple,iPhone 13 Mini ,Pink,6 GB,512 GB,Yes,,99900,99900,Apple iPhone 13 Mini 
SAMSUNG,Galaxy J2 Core ,Gold,1 GB,16 GB,Yes,4.2,6999,6999,SAMSUNG Galaxy J2 Core 
Lenovo,K10 Plus ,Sprite,4 GB,64 GB,Yes,4.1,13999,13999,Lenovo K10 Plus 
ASUS,Zenfone Max ,Blue,2 GB,32 GB,Yes,4.1,7699,7699,ASUS Zenfone Max 
Motorola,M,Grey,4 GB,64 GB,Yes,3.9,9999,9999,Motorola M
realme,1,Diamond Black,3 GB,,Yes,,11990,12990,realme 1
GIONEE,Pioneer P4S ,White,1 GB,8 GB,Yes,3.5,3499,3499,GIONEE Pioneer P4S 
realme,X3 ,Arctic White,6 GB,128 GB,Yes,4.4,24999,26999,realme X3 
realme,Narzo 30A ,Laser Blue,3 GB,,Yes,4.3,8999,9999,realme Narzo 30A 
realme,8 Pro ,Illuminating Yellow,6 GB,,Yes,4.3,17999,19999,realme 8 Pro 
GIONEE,F205 Pro ,Black,2 GB,16 GB,Yes,4.1,6990,6990,GIONEE F205 Pro 
Lenovo,A6600d40 ,Black,2 GB,16 GB,Yes,4.0,7999,7999,Lenovo A6600d40 
SAMSUNG,Galaxy S9 Plus ,Polaris Blue,6 GB,64 GB,Yes,4.5,70000,70000,SAMSUNG Galaxy S9 Plus 
SAMSUNG,Galaxy A30s ,Prism Crush Black,4 GB,128 GB,Yes,4.3,18199,18199,SAMSUNG Galaxy A30s 
SAMSUNG,Galaxy J6 ,Black,4 GB,64 GB,Yes,4.5,14990,14990,SAMSUNG Galaxy J6 
SAMSUNG,Galaxy A03 Core,Blue,2 GB,32 GB,Yes,4.0,7999,10499,SAMSUNG Galaxy A03 Core
SAMSUNG,Galaxy Note 9 ,Midnight Black,8 GB,512 GB,Yes,4.6,49999,49999,SAMSUNG Galaxy Note 9 
Infinix,Hot 6 Pro,Bordeaux Red ,3 GB,32 GB,Yes,4.3,8999,8999,Infinix Hot 6 Pro
Apple,iPhone 11 ,Green,4GB,64 GB,Yes,4.6,49900,49900,Apple iPhone 11 
SAMSUNG,Galaxy J2 - 2016 ,Gold,1.5 GB,8 GB,Yes,4.0,6990,6990,SAMSUNG Galaxy J2 - 2016 
SAMSUNG,Metro 313,Black,2 MB,2 MB,Yes,4.1,2399,2399,SAMSUNG Metro 313
HTC,Desire 700,Black,1 GB,8 GB,Yes,3.8,35490,35490,HTC Desire 700
realme,X3 SuperZoom ,Arctic White,8 GB,,Yes,4.3,29999,31999,realme X3 SuperZoom 
realme,9 Pro+ 5G,Midnight Black,8 GB,256 GB,Yes,4.4,28999,31999,realme 9 Pro+ 5G
realme,Narzo 10 ,That Green,4 GB,128 GB,Yes,4.5,11999,12999,realme Narzo 10 
Motorola,E5,Fine Gold,2 GB,16 GB,Yes,4.3,10999,10999,Motorola E5
Google Pixel,3,Just Black,4 GB,64 GB,Yes,4.5,69999,69999,Google Pixel 3
ASUS,Zenfone Go 5.0 ,White,2 GB,16 GB,Yes,4.0,6999,6999,ASUS Zenfone Go 5.0 
SAMSUNG,Galaxy A22 5G ,Violet,8 GB,128 GB,Yes,4.2,22450,22450,SAMSUNG Galaxy A22 5G 
GIONEE,Marathon M5 Plus ,CHAMPAGNE GOLD,3 GB,64 GB,Yes,4.1,11999,11999,GIONEE Marathon M5 Plus 
realme,GT Neo 2,Neo Blue,8 GB,128 GB,Yes,4.4,31999,34999,realme GT Neo 2
SAMSUNG,Galaxy A9 Pro ,Black,4 GB,32 GB,Yes,4.3,22900,22900,SAMSUNG Galaxy A9 Pro 
Infinix,Smart 7,Purple,2 GB,32 GB,Yes,4.3,7499,8999,Infinix Smart 7
Apple,iPhone 11 ,White,4GB,256 GB,Yes,4.6,64900,64900,Apple iPhone 11 
realme,9i,Prism Black,4 GB,64 GB,Yes,4.5,13999,15999,realme 9i
Apple,iPhone 7 Plus ,Jet Black,3 GB,128 GB,Yes,4.5,42900,42900,Apple iPhone 7 Plus 
Apple,iPhone 8 ,Silver,2 GB,64 GB,Yes,4.5,38999,39900,Apple iPhone 8 
Motorola,Z Play,White,3 GB,32 GB,Yes,4.4,24999,24999,Motorola Z Play
Apple,iPhone 11 ,Yellow,4GB,256 GB,Yes,4.6,64900,64900,Apple iPhone 11 
Lenovo,K4 Note ,White,3 GB,16 GB,Yes,3.9,7999,7999,Lenovo K4 Note 
OPPO,Reno4 Pro Special Edition,Starry Night,8 GB,128 GB,Yes,4.4,34990,37990,OPPO Reno4 Pro Special Edition
OPPO,Reno7 5G,Startrails Blue,8 GB,256 GB,Yes,,28999,37990,OPPO Reno7 5G
SAMSUNG,Galaxy Note 9 ,Ocean Blue,6 GB,128 GB,Yes,4.6,53999,73990,SAMSUNG Galaxy Note 9 
realme,7i ,Fusion Blue,4 GB,64 GB,Yes,4.3,13999,13999,realme 7i 
Lenovo,A390 ,White,512 MB,4 GB,Yes,3.7,7580,7580,Lenovo A390 
SAMSUNG,Galaxy S6 Edge+ ,Gold Platinum,4 GB,32 GB,Yes,4.2,28000,61988,SAMSUNG Galaxy S6 Edge+ 
LG,Stylus 3 ,Titan,3 GB,16 GB,Yes,3.8,9990,9990,LG Stylus 3 
realme,Narzo 20A ,Victory Blue,3 GB,32 GB,Yes,4.3,8499,10999,realme Narzo 20A 
GIONEE,Marathon ,Grey,2 GB,16 GB,Yes,4.4,11999,11999,GIONEE Marathon 
Xiaomi,Mi 11X Pro 5G ,Celestial Silver,8 GB,128 GB,Yes,4.2,36290,37490,Xiaomi Mi 11X Pro 5G 
LG,G5 ,Gold,4 GB,32 GB,Yes,4.0,25999,25999,LG G5 
realme,6 Pro ,Lightning Red,6 GB,64 GB,Yes,4.4,17999,17999,realme 6 Pro 
Xiaomi,REDMI Note 9 ,Pebble Grey,4 GB,64 GB,Yes,4.4,11999,14999,Xiaomi REDMI Note 9 
OPPO,A5s,Black,4 GB,64 GB,Yes,4.4,10990,15990,OPPO A5s
OPPO,F1,Gold,3 GB,16 GB,Yes,4.1,15739,15739,OPPO F1
HTC,One E9+,Gold Sepia,3 GB,32 GB,Yes,3.9,38800,38800,HTC One E9+
SAMSUNG,Galaxy M30S ,Blue,4 GB,128 GB,Yes,4.3,13990,16590,SAMSUNG Galaxy M30S 
Xiaomi,MI 11X 5G ,COSMIC BLACK,6 GB,128 GB,Yes,4.1,24492,27995,Xiaomi MI 11X 5G 
OPPO,A3s,Red,3 GB,32 GB,Yes,4.3,12000,12000,OPPO A3s
HTC,Wildfire X ,Blue,4 GB,128 GB,Yes,3.9,16999,16999,HTC Wildfire X 
SAMSUNG,Galaxy S10 ,Prism White,8 GB,512 GB,Yes,4.6,92000,92000,SAMSUNG Galaxy S10 
Infinix,Note 11,Glacier Green,6 GB,128 GB,Yes,4.5,14999,16999,Infinix Note 11
SAMSUNG,Galaxy M31 ,Space Black,6 GB,128 GB,Yes,4.3,17888,17888,SAMSUNG Galaxy M31 
SAMSUNG,Galaxy A7 2016 Edition ,White,3 GB,16 GB,Yes,4.1,20700,20700,SAMSUNG Galaxy A7 2016 Edition 
SAMSUNG,Galaxy J2 Core ,Gold,1 GB,8 GB,Yes,4.2,6200,6200,SAMSUNG Galaxy J2 Core 
OPPO,A83,Champagne,4 GB,64 GB,Yes,4.3,16990,16990,OPPO A83
Xiaomi,11i Hypercharge 5G,Stealth Black,6 GB,128 GB,Yes,4.2,26999,31999,Xiaomi 11i Hypercharge 5G
ASUS,Zenfone C ,White,1 GB,8 GB,Yes,3.8,6299,6299,ASUS Zenfone C 
SAMSUNG,Galaxy F12 ,Sky Blue,4 GB,128 GB,Yes,4.2,12499,13999,SAMSUNG Galaxy F12 
SAMSUNG,Galaxy F23 5G,Forest Green,4 GB,128 GB,Yes,4.0,15999,22999,SAMSUNG Galaxy F23 5G
Xiaomi,Redmi Note 5 ,Gold,4 GB,64 GB,Yes,4.4,11499,11499,Xiaomi Redmi Note 5 
OPPO,A5s,Blue,3 GB,32 GB,Yes,4.4,13750,13750,OPPO A5s
SAMSUNG,Galaxy S6 Edge ,Black Sapphire,3 GB,32 GB,Yes,4.0,37299,37299,SAMSUNG Galaxy S6 Edge 
OPPO,F15,Blazing Blue,4 GB,128 GB,Yes,4.4,15990,20990,OPPO F15
realme,5 Pro ,Chroma White,8 GB,128 GB,Yes,4.5,16999,16999,realme 5 Pro 
Apple,iPhone 12 ,Red,4GB,128 GB,Yes,4.6,68999,70900,Apple iPhone 12 
Apple,iPhone 12 Pro Max ,Gold,,512 GB,Yes,4.6,149900,149900,Apple iPhone 12 Pro Max 
OPPO,Reno2 F,Lake Green,6 GB,256 GB,Yes,4.4,19990,19990,OPPO Reno2 F
realme,X50 Pro 5G ,Rust Red,12 GB,256 GB,Yes,4.3,47999,47999,realme X50 Pro 5G 
OPPO,F19 Pro,Crystal Silver,8 GB,256 GB,Yes,4.3,23490,25990,OPPO F19 Pro
OPPO,F7,Silver,4 GB,64 GB,Yes,4.4,22990,22990,OPPO F7
GIONEE,F8 Neo ,Black,2 GB,32 GB,Yes,3.9,6499,6499,GIONEE F8 Neo 
LG,Stylus 2 Plus ,Titan,3 GB,16 GB,Yes,4.1,14250,14250,LG Stylus 2 Plus 
Xiaomi,Mi 11X ,Lunar White,8 GB,128 GB,Yes,4.5,26758,26758,Xiaomi Mi 11X 
Apple,iPhone 11 Pro Max ,Gold,4GB,256 GB,Yes,4.7,131900,131900,Apple iPhone 11 Pro Max 
Nokia,G20 ,Glacier Blue,4 GB,64 GB,Yes,,13549,13549,Nokia G20 
OPPO,Reno3 Pro,Midnight Black,8 GB,256 GB,Yes,4.4,26798,28989,OPPO Reno3 Pro
LG,Spirit 4G LTE ,Black Titan,1 GB,8 GB,Yes,3.7,12500,12500,LG Spirit 4G LTE 
OPPO,F3 Plus,Gold,4 GB,64 GB,Yes,4.3,12990,12990,OPPO F3 Plus
vivo,V20 Pro ,Midnight Jazz,4 GB,128 GB,Yes,4.3,10990,10990,vivo V20 Pro 
LG,G7+ ThinQ ,Platinum,6 GB,128 GB,Yes,4.4,55000,55000,LG G7+ ThinQ 
LG,Optimus L70 ,Black,1 GB,4 GB,Yes,4.0,12791,12791,LG Optimus L70 
OPPO,A37f,Gold,2 GB,16 GB,Yes,4.2,9990,9990,OPPO A37f
SAMSUNG,Galaxy J7 Nxt ,Black,3 GB,32 GB,Yes,4.3,14995,14995,SAMSUNG Galaxy J7 Nxt 
OPPO,A7,Glaring Gold,4 GB,64 GB,Yes,4.4,10990,18990,OPPO A7
OPPO,A15,Mystery Blue,3 GB,32 GB,Yes,4.3,10990,12990,OPPO A15
realme,8 5G ,Supersonic Black,4 GB,128 GB,Yes,4.3,16499,16999,realme 8 5G 
realme,C35,Glowing Green,4 GB,128 GB,Yes,4.5,12999,14999,realme C35
GIONEE,A1 Plus ,Gold,4 GB,64 GB,Yes,4.1,10499,10499,GIONEE A1 Plus 
Infinix,Note 7,Bolivia Blue,4 GB,64 GB,Yes,4.3,14999,14999,Infinix Note 7
Nokia,Lumia 510 ,Black,512 MB,4 GB,Yes,4.0,10999,10999,Nokia Lumia 510 
SAMSUNG,Galaxy F02s ,Diamond Black,3 GB,32 GB,Yes,4.2,9499,10499,SAMSUNG Galaxy F02s 
POCO,M3 ,Cool Blue,6 GB,64 GB,Yes,4.3,11999,12999,POCO M3 
IQOO,3,Quantum Silver,8 GB,256 GB,Yes,4.4,37990,40990,IQOO 3
SAMSUNG,Guru Music 2,Black,,2 MB,Yes,4.3,1625,1625,SAMSUNG Guru Music 2
SAMSUNG,Galaxy A5 ,Pearl White,2 GB,16 GB,Yes,4.1,17990,17990,SAMSUNG Galaxy A5 
Motorola,M,Gold,4 GB,64 GB,Yes,3.9,12999,12999,Motorola M
LG,Q6+ ,Black,4 GB,64 GB,Yes,3.9,19990,19990,LG Q6+ 
GIONEE,P5L ,Black,1 GB,16 GB,Yes,3.7,3990,3990,GIONEE P5L 
SAMSUNG,Galaxy J5 Prime ,Gold,3 GB,32 GB,Yes,4.3,13900,13900,SAMSUNG Galaxy J5 Prime 
Apple,iPhone 6s ,Silver,2 GB,32 GB,Yes,4.5,25299,29900,Apple iPhone 6s 
SAMSUNG,Tizen Z3 ,Black,1 GB,8 GB,Yes,3.3,4999,4999,SAMSUNG Tizen Z3 
SAMSUNG,Galaxy A50 ,Black,6 GB,64 GB,Yes,4.4,24000,24000,SAMSUNG Galaxy A50 
LG,Candy K9 ,Moroccan Blue,2 GB,16 GB,Yes,4.1,5899,7833,LG Candy K9 
ASUS,Zenfone Max Pro M1 ,Blue,4 GB,64 GB,Yes,4.3,15599,15599,ASUS Zenfone Max Pro M1 
realme,C21Y ,Cross Black,3 GB,,Yes,,8999,9999,realme C21Y 
Xiaomi,11i 5G,Stealth Black,6 GB,128 GB,Yes,4.3,24999,29999,Xiaomi 11i 5G
realme,8i ,Space Purple,6 GB,128 GB,Yes,,15999,17999,realme 8i 
ASUS,Zenfone Go ,Blue,2 GB,32 GB,Yes,3.8,7499,7499,ASUS Zenfone Go 
Apple,iPhone 6s ,Gold,2 GB,128 GB,Yes,4.5,55999,55999,Apple iPhone 6s 
Nokia,XPlus ,Bright Green,768 MB,4 GB,Yes,3.8,7990,7990,Nokia XPlus 
SAMSUNG,Galaxy A21s ,Black,4 GB,64 GB,Yes,4.2,14999,17999,SAMSUNG Galaxy A21s 
Apple,iPhone 13 ,Starlight,4GB,512 GB,Yes,,109900,109900,Apple iPhone 13 
ASUS,ZenFone Max M2 ,Black,4 GB,64 GB,Yes,4.3,14999,14999,ASUS ZenFone Max M2 
LG,L60 Dual ,White,512 MB,4 GB,Yes,3.7,8800,8800,LG L60 Dual 
ASUS,ZenFone Max Pro M2 ,Blue,3 GB,32 GB,Yes,4.3,15999,15999,ASUS ZenFone Max Pro M2 
OPPO,F11,Jewelry White,6 GB,128 GB,Yes,4.4,17990,23990,OPPO F11
SAMSUNG,Galaxy A12 ,White,6 GB,128 GB,Yes,3.9,16499,17999,SAMSUNG Galaxy A12 
OPPO,Reno2 Z,Luminous Black,8 GB,256 GB,Yes,4.5,29489,29489,OPPO Reno2 Z
Apple,iPhone XR ,Yellow,3 GB,64 GB,Yes,4.6,42999,47900,Apple iPhone XR 
Apple,iPhone 12 Pro ,Gold,6 GB,256 GB,Yes,4.6,119900,119900,Apple iPhone 12 Pro 
SAMSUNG,Galaxy S9 Plus ,Burgundy Red,6 GB,64 GB,Yes,4.5,70000,70000,SAMSUNG Galaxy S9 Plus 
OPPO,A5,Diamond Blue,4 GB,32 GB,Yes,4.4,15000,15000,OPPO A5
realme,GT 5G ,Racing Yellow,12 GB,256 GB,Yes,4.3,41999,43999,realme GT 5G 
vivo,Y20 T,Obsidian Black,6 GB,64 GB,Yes,4.3,15490,19490,vivo Y20 T
SAMSUNG,Galaxy A80 ,Angel Gold,8 GB,128 GB,Yes,4.4,28490,33450,SAMSUNG Galaxy A80 
Apple,iPhone 13 Pro Max,Gold,4GB,256 GB,Yes,4.7,139900,139900,Apple iPhone 13 Pro Max
SAMSUNG,Galaxy M32 ,Black,6 GB,128 GB,Yes,4.4,16980,18200,SAMSUNG Galaxy M32 
SAMSUNG,Galaxy S6 Edge ,White Pearl,3 GB,32 GB,Yes,4.0,44900,44900,SAMSUNG Galaxy S6 Edge 
realme,X ,Garlic,8 GB,128 GB,Yes,4.5,20999,20999,realme X 
Apple,iPhone 6s Plus ,Rose Gold,2 GB,128 GB,Yes,4.4,70000,70000,Apple iPhone 6s Plus 
OPPO,F17,Classic Silver,8 GB,128 GB,Yes,4.3,22990,22990,OPPO F17
vivo,V21 5G ,Neon Spark,8 GB,128 GB,Yes,4.3,32990,32990,vivo V21 5G 
Motorola,E7 Power ,Coral Red,2 GB,32 GB,Yes,4.1,6999,9999,Motorola E7 Power 
GIONEE,X1s ,Black,3 GB,16 GB,Yes,4.0,6475,6475,GIONEE X1s 
Nokia,C01 Plus ,Blue,2 GB,16 GB,Yes,,6499,6499,Nokia C01 Plus 
OPPO,A53,Moonlight Black,4 GB,64 GB,Yes,4.5,11990,15990,OPPO A53
realme,9i,Prism Blue,6 GB,128 GB,Yes,4.4,15999,17999,realme 9i
realme,X2 Pro ,Lunar White,12 GB,256 GB,Yes,4.6,35999,35999,realme X2 Pro 
Google Pixel,2 XL ,Just Black,4 GB,128 GB,Yes,4.6,82000,82000,Google Pixel 2 XL 
SAMSUNG,Galaxy S3 Neo ,Black,1.5 GB,16 GB,Yes,4.3,13499,13499,SAMSUNG Galaxy S3 Neo 
LG,W10 ,Smokey Gray,3 GB,32 GB,Yes,3.9,6999,9999,LG W10 
SAMSUNG,Galaxy A12 ,White,4 GB,64 GB,Yes,4.2,15999,15999,SAMSUNG Galaxy A12 
SAMSUNG,Galaxy A72 ,Awesome White,8 GB,256 GB,Yes,4.3,37999,43999,SAMSUNG Galaxy A72 
SAMSUNG,Galaxy A20 ,Gold,3 GB,32 GB,Yes,4.3,12900,12900,SAMSUNG Galaxy A20 
OPPO,A54,Crystal Black,4 GB,64 GB,Yes,4.3,14990,14990,OPPO A54
SAMSUNG,Galaxy A21s ,Black,6 GB,128 GB,Yes,4.2,17499,18999,SAMSUNG Galaxy A21s 
POCO,M2 Pro,Green and Greener,6 GB,128 GB,Yes,4.3,15999,19999,POCO M2 Pro
OPPO,A12,Blue,4 GB,64 GB,Yes,4.4,10490,11990,OPPO A12
OPPO,A12,Black,4 GB,64 GB,Yes,4.4,10990,10990,OPPO A12
Infinix,Hot 8,Shark Grey,4 GB,64 GB,Yes,4.5,9999,9999,Infinix Hot 8
LG,G6 ,White,4 GB,64 GB,Yes,4.2,24998,49999,LG G6 
Apple,iPhone 11 ,White,4GB,256 GB,Yes,4.6,64900,64900,Apple iPhone 11 
SAMSUNG,Tizen Z3 ,Silver,1 GB,8 GB,Yes,3.3,4999,8999,SAMSUNG Tizen Z3 
OPPO,A52,Stream White,6 GB,128 GB,Yes,4.3,16990,19990,OPPO A52
SAMSUNG,M21 2021 Edition ,Arctic blue,4 GB,64 GB,Yes,4.0,13224,13899,SAMSUNG M21 2021 Edition 
Google Pixel,3a XL ,Just Black,4 GB,64 GB,Yes,4.5,44999,44999,Google Pixel 3a XL 
SAMSUNG,Metro 313 Dual Sim,Black,10 MB,2 MB,Yes,4.3,2290,2290,SAMSUNG Metro 313 Dual Sim
OPPO,F3 Plus,Black,6 GB,64 GB,Yes,4.3,22990,22990,OPPO F3 Plus
realme,1,Diamond Red,3 GB,,Yes,,11900,12990,realme 1
ASUS,Zenfone Max Pro M1 ,Blue,6 GB,64 GB,Yes,4.3,17999,17999,ASUS Zenfone Max Pro M1 
Apple,iPhone 7 ,Rose Gold,2 GB,128 GB,Yes,4.5,34900,34900,Apple iPhone 7 
SAMSUNG,Galaxy F23 5G,Aqua Blue,4 GB,128 GB,Yes,4.0,15999,22999,SAMSUNG Galaxy F23 5G
SAMSUNG,Galaxy S20 FE ,Cloud Lavender,8 GB,128 GB,Yes,4.0,49999,65999,SAMSUNG Galaxy S20 FE 
SAMSUNG,Galaxy S10 Plus ,Prism Blue,8 GB,128 GB,Yes,4.6,59900,59900,SAMSUNG Galaxy S10 Plus 
Lenovo,K9 ,Black,3 GB,32 GB,Yes,4.2,9999,9999,Lenovo K9 
Xiaomi,Redmi Note 9 Pro ,Glacier White,4 GB,64 GB,Yes,4.3,16488,16999,Xiaomi Redmi Note 9 Pro 
SAMSUNG,Galaxy M01 ,Black,3 GB,32 GB,Yes,4.2,8780,8780,SAMSUNG Galaxy M01 
Nokia,5,Silver,3 GB,16 GB,Yes,4.1,7139,7139,Nokia 5
Apple,iPhone 11 ,White,4GB,128 GB,Yes,4.6,54900,54900,Apple iPhone 11 
Xiaomi,Mi 11 Lite ,Vinyl Black,6 GB,128 GB,Yes,4.3,21999,24999,Xiaomi Mi 11 Lite 
Nokia,5310 TA-1212 DS,Black,8 MB,16 MB,Yes,4.2,3740,3740,Nokia 5310 TA-1212 DS
Apple,iPhone 13 Pro ,Silver,6 GB,512 GB,Yes,,149900,149900,Apple iPhone 13 Pro 
SAMSUNG,Guru 1200,Black,,2 MB,Yes,4.3,1100,1100,SAMSUNG Guru 1200
Infinix,Hot 9,Violet,4 GB,64 GB,Yes,4.4,11999,11999,Infinix Hot 9
SAMSUNG,Galaxy J1 Ace ,Black,512 MB,4 GB,Yes,3.9,4988,4988,SAMSUNG Galaxy J1 Ace 
OPPO,F11 Pro,Aurora Green,6 GB,64 GB,Yes,4.5,16890,28990,OPPO F11 Pro
Xiaomi,Mi A2 ,Black,4 GB,64 GB,Yes,4.3,11990,12899,Xiaomi Mi A2 
OPPO,Neo 7 4G,White,1 GB,16 GB,Yes,3.8,8490,8490,OPPO Neo 7 4G
Apple,iPhone 11 Pro ,Space Grey,4GB,64 GB,Yes,4.6,79999,106600,Apple iPhone 11 Pro 
ASUS,Zenfone Selfie ,Gold,2 GB,16 GB,Yes,3.9,15999,15999,ASUS Zenfone Selfie 
OPPO,F15,Lightening Black,8 GB,128 GB,Yes,4.4,18990,22990,OPPO F15
vivo,Z1 Pro,Sonic Black,4 GB,64 GB,Yes,4.5,15990,15990,vivo Z1 Pro
Xiaomi,REDMI 9 Power ,Blazing Blue,4 GB,64 GB,Yes,4.4,11499,13999,Xiaomi REDMI 9 Power 
SAMSUNG,Galaxy A10s ,Black,2 GB,32 GB,Yes,4.4,10000,10000,SAMSUNG Galaxy A10s 
GIONEE,P7 Max ,Grey,3 GB,32 GB,Yes,3.9,5950,5950,GIONEE P7 Max 
Xiaomi,Redmi Note 5 Pro ,Blue,4 GB,64 GB,Yes,4.4,14999,14999,Xiaomi Redmi Note 5 Pro 
LG,W30 Plus ,Thunder blue,4 GB,64 GB,Yes,3.8,12950,12950,LG W30 Plus 
Apple,iPhone 11 Pro ,Silver,4GB,64 GB,Yes,4.6,79999,106600,Apple iPhone 11 Pro 
OPPO,F17 PRO,Gold,8 GB,128 GB,Yes,4.3,21999,21999,OPPO F17 PRO
Apple,iPhone 13 Mini ,Blue,4 GB,256 GB,Yes,,79900,79900,Apple iPhone 13 Mini 
realme,X2 ,Pearl White,8 GB,256 GB,Yes,4.5,24999,24999,realme X2 
Infinix,Note 10 Pro,Purple,8 GB,256 GB,Yes,4.2,16999,19999,Infinix Note 10 Pro
realme,Narzo 30A ,Laser Blue,4 GB,,Yes,4.3,10499,10999,realme Narzo 30A 
realme,X2 ,Pearl Blue,8 GB,128 GB,Yes,4.5,20999,20999,realme X2 
realme,GT Neo 2,Neo Blue,12 GB,256 GB,Yes,4.4,35999,38999,realme GT Neo 2
Infinix,Hot 10 Play,Obsidian Black,4 GB,64 GB,Yes,4.3,9299,10999,Infinix Hot 10 Play
Motorola,Z2 Play,Lunar Gray,4 GB,64 GB,Yes,4.4,27999,27999,Motorola Z2 Play
Xiaomi,Redmi Y3 ,Elegant Blue,3 GB,32 GB,Yes,4.3,9450,9450,Xiaomi Redmi Y3 
realme,9 Pro 5G,Midnight Black,6 GB,128 GB,Yes,4.4,17999,21999,realme 9 Pro 5G
vivo,V21 5G ,Dusk Blue,8 GB,256 GB,Yes,4.3,14990,14990,vivo V21 5G 
realme,9 Pro+ 5G,Midnight Black,8 GB,128 GB,Yes,4.4,26999,29999,realme 9 Pro+ 5G
SAMSUNG,Galaxy A52 ,Awesome Black,6 GB,128 GB,Yes,4.3,27499,30499,SAMSUNG Galaxy A52 
ASUS,ZenFone Lite L1 ,Gold,2 GB,16 GB,Yes,4.2,7199,7199,ASUS ZenFone Lite L1 
realme,9 Pro 5G,Aurora Green,8 GB,128 GB,Yes,4.4,20999,23999,realme 9 Pro 5G
HTC,Desire 526G Plus,Glacier Blue,1 GB,16 GB,Yes,4.0,6999,6999,HTC Desire 526G Plus
Apple,iPhone XS Max ,Gold,4 GB,64 GB,Yes,4.6,73999,109900,Apple iPhone XS Max 
Google Pixel,4a ,Just Black,6 GB,128 GB,Yes,4.5,31999,31999,Google Pixel 4a 
SAMSUNG,On7 Pro ,Gold,2 GB,16 GB,Yes,4.1,5990,9499,SAMSUNG On7 Pro 
realme,Narzo 50A ,Oxygen Green,4 GB,64 GB,Yes,4.3,11499,12999,realme Narzo 50A 
vivo,Y20G ,Purist Blue,3 GB,16 GB,Yes,4.3,18990,20990,vivo Y20G 
realme,8,Cyber Silver,4 GB,,Yes,4.3,15999,16999,realme 8
GIONEE,P5L ,Blue,1 GB,16 GB,Yes,3.7,4899,8999,GIONEE P5L 
SAMSUNG,Galaxy S4 Zoom ,White,1.5 GB,8 GB,Yes,3.8,19999,19999,SAMSUNG Galaxy S4 Zoom 
Motorola,M,Gold,3 GB,32 GB,Yes,3.9,14999,14999,Motorola M
Apple,iPhone 13 Pro Max ,Silver,6 GB,256 GB,Yes,,139900,139900,Apple iPhone 13 Pro Max 
SAMSUNG,Sm-B110E/D,Black,,2 MB,Yes,4.1,1599,1599,SAMSUNG Sm-B110E/D
Infinix,Note 10,Purple,6 GB,128 GB,Yes,4.2,12499,14999,Infinix Note 10
OPPO,A53,Fairy White,4 GB,64 GB,Yes,4.5,13499,13499,OPPO A53
Xiaomi,Redmi 8 ,Sapphire Blue,4 GB,64 GB,Yes,4.3,10999,10999,Xiaomi Redmi 8 
realme,8,Cyber Black,8 GB,128 GB,Yes,4.3,17999,18999,realme 8
vivo,X50  ,Frost Blue,8 GB,256 GB,Yes,5.0,44990,44990,vivo X50  
LG,G7 ThinQ ,Black,4 GB,64 GB,Yes,4.4,50000,50000,LG G7 ThinQ 
GIONEE,S11 Lite ,Dark Blue,4 GB,32 GB,Yes,4.0,8750,8750,GIONEE S11 Lite 
Apple,iPhone 7 Plus ,Rose Gold,3 GB,32 GB,Yes,4.5,36999,37900,Apple iPhone 7 Plus 
GIONEE,Pioneer P3S ,Grey,1 GB,16 GB,Yes,3.8,3990,3990,GIONEE Pioneer P3S 
LG,G6 ,Black,4 GB,64 GB,Yes,4.2,22990,55000,LG G6 
realme,X3 SuperZoom ,Glacier Blue,8 GB,128 GB,Yes,4.3,27999,29999,realme X3 SuperZoom 
SAMSUNG,Galaxy J2 Ace ,Gold,1.5 GB,8 GB,Yes,4.1,8090,8090,SAMSUNG Galaxy J2 Ace 
Xiaomi,11i Hypercharge 5G,Camo Green,8 GB,128 GB,Yes,4.3,28999,33999,Xiaomi 11i Hypercharge 5G
Nokia,106,Black,,2 MB,Yes,3.9,1519,1519,Nokia 106
OPPO,K1,Astral Blue,4 GB,64 GB,Yes,4.4,14990,18990,OPPO K1
realme,8 Pro ,Infinite Black,8 GB,128 GB,Yes,4.4,19999,21999,realme 8 Pro 
SAMSUNG,Metro 313,Black,,2 MB,Yes,4.1,2299,2299,SAMSUNG Metro 313
Nokia,7.2,Ice,6 GB,64 GB,Yes,4.1,20999,20999,Nokia 7.2
SAMSUNG,Galaxy S5 ,Electric Blue,2 GB,16 GB,Yes,3.9,21999,21999,SAMSUNG Galaxy S5 
SAMSUNG,Galaxy A03s ,Blue,4 GB,64 GB,Yes,4.2,12499,14499,SAMSUNG Galaxy A03s 
SAMSUNG,Metro 350,Black,32 MB,2 MB,Yes,4.1,2815,2815,SAMSUNG Metro 350
POCO,C3 ,Arctic Blue,3 GB,32 GB,Yes,4.3,7999,9999,POCO C3 
Nokia,8,Polished Copper,4 GB,64 GB,Yes,4.0,39000,39000,Nokia 8
Apple,iPhone XS Max ,Space Grey,4 GB,64 GB,Yes,4.6,73999,109900,Apple iPhone XS Max 
Apple,iPhone 6s,Silver,2 GB,32 GB,Yes,,29900,29900,Apple iPhone 6s
realme,5i ,Aqua Blue,4 GB,64 GB,Yes,4.5,10999,10999,realme 5i 
realme,8 Pro ,Infinite Blue,6 GB,,Yes,4.3,17999,19999,realme 8 Pro 
ASUS,Zenfone Max ,White,2 GB,16 GB,Yes,4.1,7499,7499,ASUS Zenfone Max 
realme,2,Diamond Red,3 GB,32 GB,Yes,4.5,9990,9990,realme 2
Xiaomi,Redmi 9A ,Midnight Black,3 GB,32 GB,Yes,4.4,8389,8389,Xiaomi Redmi 9A 
HTC,526G Plus,Fervor Red,1 GB,16 GB,Yes,4.0,12400,12400,HTC 526G Plus
Infinix,Hot 10,Ocean Wave,4 GB,64 GB,Yes,4.4,11999,11999,Infinix Hot 10
realme,5 Pro ,Crystal Green,8 GB,128 GB,Yes,4.5,16999,17999,realme 5 Pro 
vivo,V11 Pro,Dazzling Gold,6 GB,64 GB,Yes,4.5,25990,25990,vivo V11 Pro
SAMSUNG,Galaxy J1 ,Gold,1 GB,8 GB,Yes,4.0,7550,7550,SAMSUNG Galaxy J1 
Google Pixel,3 XL ,Just Black,4 GB,128 GB,Yes,4.6,92000,92000,Google Pixel 3 XL 
OPPO,F11 Pro,Aurora Green,6 GB,128 GB,Yes,4.5,17990,29990,OPPO F11 Pro
SAMSUNG,Galaxy A12 ,Blue,6 GB,128 GB,Yes,3.9,16499,17999,SAMSUNG Galaxy A12 
OPPO,F11,Marble Green,6 GB,128 GB,Yes,4.4,17990,23990,OPPO F11
SAMSUNG,Galaxy F62 ,Laser Blue,8 GB,128 GB,Yes,4.3,25999,31999,SAMSUNG Galaxy F62 
ASUS,Zenfone Max Pro M1 ,Blue,3 GB,32 GB,Yes,4.3,13199,13199,ASUS Zenfone Max Pro M1 
Apple,iPhone 7 ,Gold,2 GB,32 GB,Yes,4.5,24999,31500,Apple iPhone 7 
vivo,Y1s ,Olive Black,6 GB,64 GB,Yes,4.4,28499,34990,vivo Y1s 
Lenovo,K8 ,Venom Black,3 GB,32 GB,Yes,4.1,7490,11499,Lenovo K8 
Apple,iPhone 13 mini,Green,4GB,512 GB,Yes,4.6,94900,99900,Apple iPhone 13 mini
SAMSUNG,Galaxy A52s 5G ,Awesome White,8 GB,128 GB,Yes,4.5,37499,40999,SAMSUNG Galaxy A52s 5G 
Xiaomi,Redmi 6A ,Rose Gold,2 GB,32 GB,Yes,4.3,7699,7699,Xiaomi Redmi 6A 
Xiaomi,Redmi Note 7 Pro ,Neptune Blue,6 GB,64 GB,Yes,4.3,16999,16999,Xiaomi Redmi Note 7 Pro 
vivo,Y90,Black,2 GB,16 GB,Yes,4.4,7990,7990,vivo Y90
OPPO,Reno6 5G,Aurora,8 GB,128 GB,Yes,4.3,29990,35990,OPPO Reno6 5G
realme,Narzo 20 ,Glory Silver,4 GB,64 GB,Yes,4.3,10499,12999,realme Narzo 20 
Nokia,107 Dual SIM,Black,4 MB,Expandable Upto 16 GB,Yes,4.2,1900,1900,Nokia 107 Dual SIM
Xiaomi,Redmi Note 6 Pro ,Red,4 GB,64 GB,Yes,4.4,12499,12499,Xiaomi Redmi Note 6 Pro 
realme,X2 ,Pearl Blue,4 GB,64 GB,Yes,4.5,17999,17999,realme X2 
Apple,iPhone 6s ,Space Grey,2 GB,64 GB,Yes,4.5,49999,49999,Apple iPhone 6s 
Apple,iPhone 11 ,Red,4GB,128 GB,Yes,4.6,54900,54900,Apple iPhone 11 
Nokia,5.4,Polar Night,4 GB,64 GB,Yes,3.9,12999,16799,Nokia 5.4
realme,X3 SuperZoom ,Arctic White,8 GB,128 GB,Yes,4.3,27999,29999,realme X3 SuperZoom 
Motorola,C,Pearl White,1 GB,16 GB,Yes,3.9,5499,5499,Motorola C
realme,C25 ,Watery Grey,4 GB,64 GB,Yes,4.4,9999,10999,realme C25 
realme,6,Comet White,6 GB,,Yes,4.4,14999,17999,realme 6
Apple,iPhone XR ,Black,3 GB,256 GB,Yes,4.6,91900,91900,Apple iPhone XR 
OPPO,F19,Midnight Blue,6 GB,128 GB,Yes,4.2,19990,20990,OPPO F19
ASUS,ROG ,Black,8 GB,128 GB,Yes,4.3,26499,83999,ASUS ROG 
SAMSUNG,Galaxy J6 ,Gold,3 GB,32 GB,Yes,4.4,12990,12990,SAMSUNG Galaxy J6 
Lenovo,A7 ,Blue,4 GB,64 GB,Yes,3.9,7990,9999,Lenovo A7 
OPPO,A54,Starry Blue,6 GB,128 GB,Yes,4.3,16990,17990,OPPO A54
vivo,Y53s ,Deep Sea Blue,6 GB,64 GB,Yes,4.5,16989,16989,vivo Y53s 
Lenovo,A328 ,Black,1 GB,4 GB,Yes,3.8,7499,7499,Lenovo A328 
Apple,iPhone 11 Pro Max ,Space Grey,4GB,256 GB,Yes,4.7,131900,131900,Apple iPhone 11 Pro Max 
GIONEE,F11 ,Black,3 GB,32 GB,Yes,4.0,6899,6950,GIONEE F11 
Nokia,6,Tempered Blue,3 GB,32 GB,Yes,3.9,13990,13990,Nokia 6
vivo,Y1S ,Aurora Blue,4 GB,32 GB,Yes,4.4,22654,22654,vivo Y1S 
Infinix,Note 11 ,Celestial Snow,6 GB,128 GB,Yes,4.5,14499,16999,Infinix Note 11 
realme,C20 ,Cool Grey,2 GB,32 GB,Yes,4.4,7499,7999,realme C20 
Apple,iPhone 6s ,Rose Gold,2 GB,16 GB,Yes,4.5,31999,31999,Apple iPhone 6s 
Xiaomi,Redmi 9 ,Sky Blue,4 GB,64 GB,Yes,4.4,10121,10121,Xiaomi Redmi 9 
OPPO,A31,Fantasy White,6 GB,128 GB,Yes,4.3,13899,13899,OPPO A31
Xiaomi,Redmi 9A ,Midnight Black,2 GB,32 GB,Yes,4.5,7589,7589,Xiaomi Redmi 9A 
LG,Q6 ,Platinum,3 GB,32 GB,Yes,4.0,16990,16990,LG Q6 
Apple,iPhone 13 Pro Max ,Gold,6 GB,1 TB,Yes,,179900,179900,Apple iPhone 13 Pro Max 
SAMSUNG,Galaxy A30s ,Prism Crush White,4 GB,128 GB,Yes,4.3,19900,19900,SAMSUNG Galaxy A30s 
HTC,U11,Solar Red,6 GB,128 GB,Yes,4.6,53990,53990,HTC U11
Infinix,Smart 5,Aegean Blue,2 GB,32 GB,Yes,4.3,7499,8999,Infinix Smart 5
Motorola,G30 ,Dark Pearl,4 GB,64 GB,Yes,4.1,10999,14999,Motorola G30 
POCO,M2  ,Brick Red,6 GB,128 GB,Yes,4.4,11499,14999,POCO M2  
SAMSUNG,Galaxy J2 Core ,Blue,1 GB,16 GB,Yes,4.2,6999,6999,SAMSUNG Galaxy J2 Core 
SAMSUNG,Galaxy S20+ ,Cosmic Black,8 GB,128 GB,Yes,4.4,54999,83000,SAMSUNG Galaxy S20+ 
Apple,iPhone 13 Mini ,Midnight,4 GB,256 GB,Yes,,79900,79900,Apple iPhone 13 Mini 
SAMSUNG,Galaxy M42 ,Prism Dot Black,8 GB,128 GB,Yes,4.3,29998,29998,SAMSUNG Galaxy M42 
HTC,620G,Santorini White,1 GB,8 GB,Yes,3.9,7999,7999,HTC 620G
GIONEE,M7 Power ,Blue,4 GB,64 GB,Yes,4.1,9250,9250,GIONEE M7 Power 
OPPO,K1,Astral Blue,6 GB,64 GB,Yes,4.3,13990,20990,OPPO K1
Motorola,G40 Fusion ,Frosted Champagne,6 GB,128 GB,Yes,4.3,16499,19999,Motorola G40 Fusion 
Motorola,Edge 20 Fusion ,Cyber Teal,6 GB,128 GB,Yes,3.9,21499,24999,Motorola Edge 20 Fusion 
Nokia,C01 Plus ,Blue,2 GB,16 GB,Yes,,6499,6499,Nokia C01 Plus 
Apple,iPhone 12 Pro Max ,Gold,,128 GB,Yes,4.6,119900,119900,Apple iPhone 12 Pro Max 
Apple,iPhone 12 Pro Max ,Graphite,,512 GB,Yes,4.6,149900,149900,Apple iPhone 12 Pro Max 
Motorola,C Plus,Starry Black,2 GB,16 GB,Yes,4.2,6999,6999,Motorola C Plus
ASUS,Zenfone Max ,Black,2 GB,16 GB,Yes,4.1,6990,6990,ASUS Zenfone Max 
OPPO,K1,Piano Black,6 GB,64 GB,Yes,4.3,13990,20990,OPPO K1
OPPO,A16k,Black,3 GB,32 GB,Yes,4.1,10490,10490,OPPO A16k
Apple,iPhone 13 Mini ,Midnight,4 GB,128 GB,Yes,,69900,69900,Apple iPhone 13 Mini 
SAMSUNG,Galaxy A50s ,Prism Crush Violet,6 GB,128 GB,Yes,4.3,21099,26900,SAMSUNG Galaxy A50s 
Xiaomi,Redmi 6 Pro ,Lake Blue,4 GB,64 GB,Yes,4.4,11999,11999,Xiaomi Redmi 6 Pro 
Nokia,Asha 206,Black,32 MB,64 MB,Yes,3.8,2790,2790,Nokia Asha 206
Apple,iPhone 12 Pro ,Pacific Blue,6 GB,256 GB,Yes,4.6,119900,119900,Apple iPhone 12 Pro 
SAMSUNG,Galaxy F62 ,Laser Blue,6 GB,128 GB,Yes,4.2,23999,29999,SAMSUNG Galaxy F62 
Lenovo,A7000 ,White,2 GB,8 GB,Yes,4.0,8999,8999,Lenovo A7000 
Xiaomi,REDMI Note 10S ,Cosmic Purple,6 GB,128 GB,Yes,4.4,17765,17765,Xiaomi REDMI Note 10S 
Apple,iPhone 7 Plus ,Gold,3 GB,32 GB,Yes,4.5,36999,37900,Apple iPhone 7 Plus 
SAMSUNG,Galaxy S6 ,Gold Platinum,3 GB,32 GB,Yes,4.0,33900,33900,SAMSUNG Galaxy S6 
realme,5 Pro ,Chroma White,6 GB,64 GB,Yes,4.5,14999,15999,realme 5 Pro 
SAMSUNG,Galaxy J4 Plus ,Gold,2 GB,32 GB,Yes,4.3,9499,9499,SAMSUNG Galaxy J4 Plus 
Xiaomi,11 Lite NE,Tuscany Coral,8 GB,128 GB,Yes,4.4,23999,23999,Xiaomi 11 Lite NE
SAMSUNG,Galaxy Z Flip3 5G ,Phantom Black,8 GB,128 GB,Yes,4.3,84999,95999,SAMSUNG Galaxy Z Flip3 5G 
Infinix,Hot S3,Blush Gold,3 GB,32 GB,Yes,4.2,9999,9999,Infinix Hot S3
POCO,C3 ,Matte Black,3 GB,32 GB,Yes,4.3,7999,9999,POCO C3 
Apple,iPhone 8 ,Gold,2 GB,64 GB,Yes,4.5,38999,39900,Apple iPhone 8 
ASUS,Zenfone Go ,Gold,1 GB,8 GB,Yes,3.8,5699,5699,ASUS Zenfone Go 
OPPO,A3s,Purple,3 GB,32 GB,Yes,4.3,12990,12990,OPPO A3s
SAMSUNG,Galaxy A30s ,Prism Crush White,4 GB,64 GB,Yes,4.3,15899,18900,SAMSUNG Galaxy A30s 
SAMSUNG,Guru Music 2 SM-B310E,Black,,Expandable Upto 16 GB,Yes,4.2,1890,1890,SAMSUNG Guru Music 2 SM-B310E
Apple,iPhone 12 ,Red,4GB,256 GB,Yes,4.6,78999,94900,Apple iPhone 12 
realme,Narzo 30 ,Racing Silver,4 GB,64 GB,Yes,4.3,13499,14999,realme Narzo 30 
realme,C15 ,Power Silver,4 GB,,Yes,4.4,10999,12999,realme C15 
Nokia,3310 DS 2020,Black,16 MB,Expandable Upto 32 GB,Yes,3.8,3886,3886,Nokia 3310 DS 2020
Nokia,125 TA-1253 DS,Black,4 MB,4 MB,Yes,3.9,2142,2192,Nokia 125 TA-1253 DS
SAMSUNG,Galaxy A52 ,Awesome White,6 GB,128 GB,Yes,4.3,27499,30499,SAMSUNG Galaxy A52 
ASUS,ZenFone Max M2 ,Blue,3 GB,32 GB,Yes,4.3,12999,12999,ASUS ZenFone Max M2 
GIONEE,A1 ,Gold,4 GB,64 GB,Yes,4.0,7675,8999,GIONEE A1 
OPPO,K3,Jade Black,8 GB,128 GB,Yes,4.2,30994,30994,OPPO K3
POCO,C31,Royal Blue,4 GB,64 GB,Yes,4.4,8999,11999,POCO C31
Nokia,225,Black,,Expandable Upto 32 GB,Yes,3.6,3499,3499,Nokia 225
SAMSUNG,Galaxy A32 ,Awesome Violet,6 GB,128 GB,Yes,4.1,21999,24999,SAMSUNG Galaxy A32 
vivo,Y21T,Midnight Blue,4 GB,128 GB,Yes,4.1,16490,19990,vivo Y21T
realme,6 Pro ,Lightning Red,6 GB,128 GB,Yes,4.4,18999,18999,realme 6 Pro 
Infinix,S5 Pro,Violet,4 GB,64 GB,Yes,4.4,12999,12999,Infinix S5 Pro
ASUS,Zenfone Selfie ,White,3 GB,16 GB,Yes,4.0,13999,13999,ASUS Zenfone Selfie 
OPPO,A9,Fluorite Purple,4 GB,128 GB,Yes,4.4,12990,16990,OPPO A9
realme,Narzo 30 Pro 5G ,Blade Silver,6 GB,64 GB,Yes,4.3,16999,18999,realme Narzo 30 Pro 5G 
Infinix,S5 ,Violet,4 GB,64 GB,Yes,4.3,10999,10999,Infinix S5 
Motorola,One Action ,Pearl White,4 GB,128 GB,Yes,4.2,10999,16999,Motorola One Action 
Xiaomi,11 Lite NE,Vinyl Black,6 GB,128 GB,Yes,4.3,25990,25990,Xiaomi 11 Lite NE
ASUS,ROG Phone 5 ,White,8 GB,128 GB,Yes,4.3,49999,55999,ASUS ROG Phone 5 
Motorola,One Power ,Black,4 GB,64 GB,Yes,4.3,18999,18999,Motorola One Power 
realme,1,Diamond Black,6 GB,128 GB,Yes,4.3,10999,14990,realme 1
ASUS,ROG Phone II ,Black,12 GB,512 GB,Yes,4.6,62999,62999,ASUS ROG Phone II 
Apple,iPhone 12 Pro ,Graphite,6 GB,256 GB,Yes,4.6,119900,119900,Apple iPhone 12 Pro 
GIONEE,P2S ,Black,512 MB,4 GB,Yes,3.6,2450,2450,GIONEE P2S 
Lenovo,Vibe K5 Note ,Gold,3 GB,32 GB,Yes,4.1,10999,10999,Lenovo Vibe K5 Note 
Apple,iPhone XS ,Space Grey,4 GB,512 GB,Yes,4.7,134900,134900,Apple iPhone XS 
Nokia,8.1,Blue,4 GB,64 GB,Yes,4.3,28831,28831,Nokia 8.1
OPPO,A52,Stream White,4 GB,128 GB,Yes,4.4,14990,17990,OPPO A52
SAMSUNG,Galaxy A32 ,Awesome White,6 GB,128 GB,Yes,4.1,21999,24999,SAMSUNG Galaxy A32 
Infinix,Hot 10 Play,Morandi Green,4 GB,64 GB,Yes,4.3,9299,10999,Infinix Hot 10 Play
Xiaomi,Mi 11X ,Lunar White,6 GB,128 GB,Yes,4.3,24338,25989,Xiaomi Mi 11X 
Xiaomi,Mi 11X Pro 5G ,Lunar White,8 GB,256 GB,Yes,4.4,38999,38999,Xiaomi Mi 11X Pro 5G 
SAMSUNG,Galaxy A21s ,Blue,4 GB,64 GB,Yes,4.2,14999,17999,SAMSUNG Galaxy A21s 
Apple,iPhone 8 Plus ,Space Grey,3 GB,64 GB,Yes,4.6,49900,49900,Apple iPhone 8 Plus 
SAMSUNG,Galaxy M20 ,Charcoal Black,4 GB,64 GB,Yes,4.3,11990,12250,SAMSUNG Galaxy M20 
realme,9 5G SE,Azure Glow,8 GB,128 GB,Yes,4.5,22999,26999,realme 9 5G SE
SAMSUNG,Galaxy S20 ,Cloud Pink,8 GB,128 GB,Yes,4.3,74000,74000,SAMSUNG Galaxy S20 
OPPO,A54,Moonlight Gold,6 GB,128 GB,Yes,4.3,16990,17990,OPPO A54
SAMSUNG,M02s ,Blue,3 GB,32 GB,Yes,4.2,9539,10389,SAMSUNG M02s 
realme,C25s ,Watery Blue,4 GB,64 GB,Yes,4.4,10999,10999,realme C25s 
Nokia,5310ds,Black,8 MB,16 MB,Yes,4.1,3429,3445,Nokia 5310ds
Apple,iPhone XS Max ,Silver,4 GB,256 GB,Yes,4.6,78999,124900,Apple iPhone XS Max 
OPPO,A71k,Gold,3 GB,16 GB,Yes,4.4,10990,10990,OPPO A71k
SAMSUNG,Galaxy S Duos 2 ,Pure White,512 MB,4 GB,Yes,4.0,5999,5999,SAMSUNG Galaxy S Duos 2 
LG,W10 Alpha ,Black,3 GB,32 GB,Yes,3.7,7299,7299,LG W10 Alpha 
LG,Optimus L5 II ,Black,512 MB,4 GB,Yes,4.5,10199,10199,LG Optimus L5 II 
Apple,iPhone 11 Pro ,Space Grey,4GB,256 GB,Yes,4.6,79999,106600,Apple iPhone 11 Pro 
ASUS,ZenFone Max Pro M2 ,Titanium,4 GB,64 GB,Yes,4.3,17999,17999,ASUS ZenFone Max Pro M2 
Nokia,6.1,Gold,3 GB,32 GB,Yes,4.2,17979,17979,Nokia 6.1
realme,3i ,Diamond Blue,4 GB,64 GB,Yes,4.4,10499,10999,realme 3i 
GIONEE,M7 Power ,Blue,4 GB,64 GB,Yes,4.1,7999,7999,GIONEE M7 Power 
Apple,iPhone 6s ,Space Grey,2 GB,32 GB,Yes,4.5,25299,29900,Apple iPhone 6s 
Apple,iPhone 11 ,Black,4GB,128 GB,Yes,4.6,54900,54900,Apple iPhone 11 
Apple,iPhone XR ,Blue,3 GB,64 GB,Yes,4.6,42999,47900,Apple iPhone XR 
Nokia,7.1,Steel,4 GB,64 GB,Yes,4.1,12998,12998,Nokia 7.1
ASUS,Zenfone Selfie ,White,2 GB,16 GB,Yes,3.9,15999,15999,ASUS Zenfone Selfie 
POCO,F1,Steel Blue,8 GB,256 GB,Yes,4.5,30999,30999,POCO F1
realme,C11 2021 ,Cool Blue,4 GB,64 GB,Yes,4.2,8799,9999,realme C11 2021 
Infinix,Smart 4,Violet,2 GB,32 GB,Yes,4.4,8999,8999,Infinix Smart 4
Apple,iPhone 12 Pro ,Gold,6 GB,512 GB,Yes,4.6,139900,139900,Apple iPhone 12 Pro 
OPPO,F5,Red,6 GB,64 GB,Yes,4.4,24990,24990,OPPO F5
realme,Narzo 30 ,Racing Blue,4 GB,64 GB,Yes,4.3,13499,14999,realme Narzo 30 
OPPO,Reno6 Pro 5G,Stellar Black,12 GB,256 GB,Yes,4.4,39990,46990,OPPO Reno6 Pro 5G
Apple,iPhone 12 Pro ,Graphite,6 GB,128 GB,Yes,4.6,109900,109900,Apple iPhone 12 Pro 
SAMSUNG,Galaxy S21 ,Phantom White,8 GB,256 GB,Yes,4.3,73999,87999,SAMSUNG Galaxy S21 
Xiaomi,Redmi 8A Dual ,Sea Blue,3 GB,64 GB,Yes,4.4,9499,9499,Xiaomi Redmi 8A Dual 
SAMSUNG,Galaxy S4 Mini ,White Frost,1.5 GB,8 GB,Yes,3.8,20400,20400,SAMSUNG Galaxy S4 Mini 
Infinix,Hot 4 Pro,Magic Gold,3 GB,16 GB,Yes,4.0,7499,7499,Infinix Hot 4 Pro
Apple,iPhone 6s Plus ,Rose Gold,2 GB,16 GB,Yes,4.4,49999,49999,Apple iPhone 6s Plus 
SAMSUNG,Galaxy A6 ,Blue,4 GB,64 GB,Yes,4.3,16990,16990,SAMSUNG Galaxy A6 
SAMSUNG,Galaxy A22 ,Black,6 GB,128 GB,Yes,4.3,17578,19499,SAMSUNG Galaxy A22 
SAMSUNG,Galaxy Note 5 ,Silver Titanium,4 GB,32 GB,Yes,3.9,38900,38900,SAMSUNG Galaxy Note 5 
SAMSUNG,Galaxy A50 ,White,6 GB,64 GB,Yes,4.4,24000,24000,SAMSUNG Galaxy A50 
Nokia,5.1,Black,3 GB,32 GB,Yes,4.0,7899,7899,Nokia 5.1
SAMSUNG,Galaxy M31 ,Space Black,6 GB,64 GB,Yes,4.3,16299,16299,SAMSUNG Galaxy M31 
SAMSUNG,Galaxy S Duos 3 ,Ceramic White,512 MB,4 GB,Yes,4.0,6048,6048,SAMSUNG Galaxy S Duos 3 
Xiaomi,Redmi 9 ,Carbon Black,4 GB,64 GB,Yes,4.2,10070,10129,Xiaomi Redmi 9 
SAMSUNG,Galaxy S10 Lite ,Prism Blue,8 GB,128 GB,Yes,4.5,40999,43999,SAMSUNG Galaxy S10 Lite 
Infinix,Hot 7 Pro,Mocha Brown,6 GB,64 GB,Yes,4.2,10999,10999,Infinix Hot 7 Pro
POCO,X3 Pro ,Steel Blue,6 GB,128 GB,Yes,4.4,18999,23999,POCO X3 Pro 
HTC,U11,Sapphire Blue,6 GB,128 GB,Yes,4.6,53990,53990,HTC U11
POCO,M4 Pro 5G,Yellow,6 GB,128 GB,Yes,4.4,16999,19999,POCO M4 Pro 5G
Xiaomi,11 Lite NE,Diamond Dazzle,8 GB,128 GB,Yes,4.4,27999,27999,Xiaomi 11 Lite NE
Apple,iPhone 13 Mini ,Midnight,6 GB,512 GB,Yes,,99900,99900,Apple iPhone 13 Mini 
GIONEE,Elife S7 ,Black,2 GB,16 GB,Yes,4.1,15999,15999,GIONEE Elife S7 
SAMSUNG,Galaxy S21 ,Phantom Gray,8 GB,128 GB,Yes,4.3,69999,83999,SAMSUNG Galaxy S21 
LG,G Pro 2 ,Titan,3 GB,16 GB,Yes,4.5,42021,42021,LG G Pro 2 
SAMSUNG,Galaxy M31 ,Space Black,8 GB,128 GB,Yes,4.3,19990,19990,SAMSUNG Galaxy M31 
Apple,iPhone 12 ,Blue,4GB,64 GB,Yes,4.6,63999,65900,Apple iPhone 12 
SAMSUNG,Guru FM Plus,Black,,2 MB,Yes,4.2,1435,1435,SAMSUNG Guru FM Plus
GIONEE,L700,Black,8 MB,16 MB,Yes,3.9,1890,1890,GIONEE L700
Lenovo,A7000 Turbo ,Black,2 GB,16 GB,Yes,3.8,5999,5999,Lenovo A7000 Turbo 
Lenovo,P2 ,Grey,3 GB,32 GB,Yes,4.3,16999,16999,Lenovo P2 
Lenovo,K3 Note ,Yellow,2 GB,16 GB,Yes,4.0,7999,7999,Lenovo K3 Note 
realme,Narzo 20 Pro ,White Knight,8 GB,128 GB,Yes,4.3,16999,18999,realme Narzo 20 Pro 
vivo,Y11 ,Agate Red,4 GB,64 GB,Yes,4.4,16990,20990,vivo Y11 
SAMSUNG,Galaxy A50s ,Prism Crush Violet,4 GB,128 GB,Yes,4.3,14999,24900,SAMSUNG Galaxy A50s 
SAMSUNG,Galaxy J7 Prime 2 ,Black,3 GB,32 GB,Yes,4.3,14990,14990,SAMSUNG Galaxy J7 Prime 2 
OPPO,Reno 10x Zoom,Ocean Green,8 GB,256 GB,Yes,4.4,41990,55990,OPPO Reno 10x Zoom
HTC,10,Topaz Gold,4 GB,32 GB,Yes,4.2,56690,56690,HTC 10
Apple,iPhone 6s ,Silver,2 GB,64 GB,Yes,4.5,49999,49999,Apple iPhone 6s 
SAMSUNG,Galaxy A5 ,Black,2 GB,16 GB,Yes,4.1,14490,14490,SAMSUNG Galaxy A5 
Apple,iPhone 6s ,Gold,2 GB,32 GB,Yes,4.5,25299,29900,Apple iPhone 6s 
Apple,iPhone SE ,Black,2 GB,128 GB,Yes,4.5,44900,44900,Apple iPhone SE 
Apple,iPhone 12 Pro Max ,Silver,,128 GB,Yes,4.6,119900,119900,Apple iPhone 12 Pro Max 
Lenovo,A5 ,Gold,2 GB,16 GB,Yes,4.1,6999,6999,Lenovo A5 
Apple,iPhone 13 Pro Max ,Graphite,6 GB,256 GB,Yes,,139900,139900,Apple iPhone 13 Pro Max 
Infinix,Hot 6 Pro,City Blue,3 GB,32 GB,Yes,4.3,8999,8999,Infinix Hot 6 Pro
Nokia,6310,Black,16 MB,8 MB,Yes,,4400,4400,Nokia 6310
GIONEE,P5_W ,Blue,1 GB,16 GB,Yes,3.8,4190,7238,GIONEE P5_W 
POCO,C3 ,Lime Green,3 GB,32 GB,Yes,4.3,7999,9999,POCO C3 
SAMSUNG,Galaxy S10 ,Prism White,8 GB,128 GB,Yes,4.6,39999,71000,SAMSUNG Galaxy S10 
Apple,iPhone 13 Mini ,Red,4 GB,128 GB,Yes,,69900,69900,Apple iPhone 13 Mini 
Nokia,215 4G DS,Black,64 MB,128 MB,Yes,3.6,3220,3220,Nokia 215 4G DS
realme,8i ,Space Black,4 GB,64 GB,Yes,,13999,15999,realme 8i 
SAMSUNG,Galaxy S7 ,Black Onyx,4 GB,32 GB,Yes,4.4,24999,24999,SAMSUNG Galaxy S7 
Nokia,TA-1174 / TA-1299,Black,4 MB,4 MB,Yes,4.2,1149,1149,Nokia TA-1174 / TA-1299
POCO,F1,Steel Blue,6 GB,128 GB,Yes,,24999,24999,POCO F1
Apple,iPhone XR ,Coral,3 GB,128 GB,Yes,4.6,47999,52900,Apple iPhone XR 
realme,C12 ,Power Silver,4 GB,64 GB,Yes,4.4,10999,10999,realme C12 
Nokia,C3 ,Nordic Blue,2 GB,16 GB,Yes,3.7,7290,7290,Nokia C3 
SAMSUNG,Galaxy J5 Prime ,Black,2 GB,16 GB,Yes,4.0,14500,14500,SAMSUNG Galaxy J5 Prime 
Nokia,C20 Plus ,Blue,3 GB,32 GB,Yes,3.8,9999,11099,Nokia C20 Plus 
Xiaomi,Redmi 8A ,Sunset Red,2 GB,32 GB,Yes,4.2,7999,7999,Xiaomi Redmi 8A 
Infinix,Hot 10,Moonlight Jade,6 GB,128 GB,Yes,4.3,13999,13999,Infinix Hot 10
Infinix,Hot 10 Play,Aegean Blue,3 GB,32 GB,Yes,4.3,8299,9999,Infinix Hot 10 Play
SAMSUNG,Galaxy M12 ,White,6 GB,128 GB,Yes,4.2,14490,14999,SAMSUNG Galaxy M12 
ASUS,Zenfone Go 5.0 LTE 2nd Gen ,Gold,2 GB,16 GB,Yes,3.6,5840,5840,ASUS Zenfone Go 5.0 LTE 2nd Gen 
POCO,M2 Pro,Two shades of black,4 GB,64 GB,Yes,4.4,13999,17999,POCO M2 Pro
ASUS,Zenfone Selfie ,Red,3 GB,32 GB,Yes,4.0,11999,11999,ASUS Zenfone Selfie 
vivo,Y75 5G,Glowing Galaxy,8 GB,128 GB,Yes,4.3,22490,22490,vivo Y75 5G
Xiaomi,11i 5G,Pacific Pearl,6 GB,128 GB,Yes,4.3,24999,29999,Xiaomi 11i 5G
Xiaomi,Redmi Y2 ,Rose Gold,3 GB,32 GB,Yes,4.3,9999,9999,Xiaomi Redmi Y2 
OPPO,A5s,Black,3 GB,32 GB,Yes,4.4,9490,12990,OPPO A5s
Nokia,7.2,Charcoal,4 GB,64 GB,Yes,4.1,19999,19999,Nokia 7.2
SAMSUNG,Galaxy S20 FE ,Cloud Mint,8 GB,128 GB,Yes,4.0,49999,65999,SAMSUNG Galaxy S20 FE 
SAMSUNG,Galaxy Ace NXT ,Black,512 MB,4 GB,Yes,3.8,5795,5795,SAMSUNG Galaxy Ace NXT 
GIONEE,S6 ,Silver,3 GB,32 GB,Yes,3.8,7999,7999,GIONEE S6 
LG,Wing ,Aurora Gray,8 GB,128 GB,Yes,4.2,29999,80000,LG Wing 
Lenovo,Sisley S60 ,Grey,2 GB,8 GB,Yes,3.5,6980,6980,Lenovo Sisley S60 
ASUS,Zenfone 4 Selfie ,Black,3 GB,32 GB,Yes,4.1,10999,10999,ASUS Zenfone 4 Selfie 
Infinix,Hot 10,Moonlight Jade,4 GB,64 GB,Yes,4.4,11999,11999,Infinix Hot 10
realme,9 5G SE,Starry Glow,6 GB,128 GB,Yes,4.5,19999,24999,realme 9 5G SE
Nokia,6.1 Plus ,White,4 GB,64 GB,Yes,4.3,18599,18599,Nokia 6.1 Plus 
SAMSUNG,Galaxy J7 Prime ,Black,3 GB,32 GB,Yes,4.2,15300,15300,SAMSUNG Galaxy J7 Prime 
Motorola,G30 ,Pastel Sky,4 GB,64 GB,Yes,4.1,10999,14999,Motorola G30 
Nokia,G10 ,Night | Dark Blue,4 GB,64 GB,Yes,,12149,12149,Nokia G10 
Apple,iPhone XR ,Red,3 GB,64 GB,Yes,4.6,42999,47900,Apple iPhone XR 
Xiaomi,Y11T Pro,Celestial Magic,8 GB,256 GB,Yes,4.3,42999,42999,Xiaomi Y11T Pro
realme,X ,Super Polar White,8 GB,128 GB,Yes,4.5,21999,21999,realme X 
SAMSUNG,Galaxy F02s ,Diamond Black,4 GB,64 GB,Yes,4.2,10499,11499,SAMSUNG Galaxy F02s 
HTC,One M8 ,Silver,2 GB,16 GB,Yes,4.4,59900,59900,HTC One M8 
vivo,V21 5G ,Arctic White,8 GB,256 GB,Yes,4.3,14990,14990,vivo V21 5G 
GIONEE,S11 Lite ,Gold,4 GB,32 GB,Yes,4.0,15490,15490,GIONEE S11 Lite 
OPPO,Reno3 Pro,Auroral Blue,8 GB,256 GB,Yes,4.4,27990,35990,OPPO Reno3 Pro
SAMSUNG,Galaxy A8 Plus ,Gold,6 GB,64 GB,Yes,4.2,29990,29990,SAMSUNG Galaxy A8 Plus 
SAMSUNG,Guru Music 2,Black,,Expandable Upto 16 GB,Yes,4.3,1625,1625,SAMSUNG Guru Music 2
SAMSUNG,Galaxy S7 ,Gold Platinum,4 GB,32 GB,Yes,4.4,22222,52000,SAMSUNG Galaxy S7 
realme,X7 5G ,Space Silver,8 GB,128 GB,Yes,4.3,21999,23999,realme X7 5G 
Xiaomi,Redmi 9A ,SeaBlue,2 GB,32 GB,Yes,4.5,7619,7619,Xiaomi Redmi 9A 
SAMSUNG,Galaxy A70 ,Blue,6 GB,128 GB,Yes,4.3,30900,30900,SAMSUNG Galaxy A70 
realme,6 Pro ,Lightning Blue,6 GB,64 GB,Yes,4.4,17999,17999,realme 6 Pro 
Infinix,Note 11S Free Fire Edition,Mithril Grey,8 GB,128 GB,Yes,4.3,15999,18999,Infinix Note 11S Free Fire Edition
SAMSUNG,Galaxy J4 ,Black,2 GB,16 GB,Yes,4.3,8990,8990,SAMSUNG Galaxy J4 
GIONEE,X1s ,Gold,3 GB,16 GB,Yes,4.0,6450,6450,GIONEE X1s 
Motorola,XT502,Black,512 MB,16 GB,Yes,3.8,15990,15990,Motorola XT502
Nokia,5,Tempered Blue,3 GB,16 GB,Yes,4.1,16199,16199,Nokia 5
Nokia,6310,Black,8 MB,16 MB,Yes,,4189,4189,Nokia 6310
HTC,Desire 828,Pearl White,2 GB,16 GB,Yes,3.7,16990,16990,HTC Desire 828
POCO,X2,Matrix Purple,6 GB,128 GB,Yes,4.5,15999,19999,POCO X2
SAMSUNG,Galaxy Note 9 ,Ocean Blue,8 GB,512 GB,Yes,4.6,59999,59999,SAMSUNG Galaxy Note 9 
ASUS,Zenfone Go 5.0 ,Black,2 GB,16 GB,Yes,4.0,4499,4499,ASUS Zenfone Go 5.0 
SAMSUNG,Galaxy Mega 5.8 ,Black,1.5 GB,8 GB,Yes,3.8,26000,26000,SAMSUNG Galaxy Mega 5.8 
SAMSUNG,Galaxy M42 5G ,Prism Dot Black,6 GB,128 GB,Yes,4.3,21450,21450,SAMSUNG Galaxy M42 5G 
Apple,iPhone XR ,Yellow,3 GB,128 GB,Yes,4.6,47999,52900,Apple iPhone XR 
SAMSUNG,Galaxy M10 ,Charcoal Black,2 GB,16 GB,Yes,4.3,8170,8170,SAMSUNG Galaxy M10 
LG,Q6+ ,Platinum,4 GB,64 GB,Yes,3.9,19990,19990,LG Q6+ 
OPPO,F11 Pro,Thunder Black,6 GB,128 GB,Yes,4.5,17990,29990,OPPO F11 Pro
Nokia,105 DS 2020,Black,4 MB,4 MB,Yes,4.2,1399,1599,Nokia 105 DS 2020
Motorola,E7 Plus ,Misty Blue,4 GB,64 GB,Yes,4.2,8999,12999,Motorola E7 Plus 
Lenovo,K6 Note ,Silver,3 GB,32 GB,Yes,4.1,7490,14890,Lenovo K6 Note 
OPPO,A52,Twilight Black,6 GB,128 GB,Yes,4.3,17999,17999,OPPO A52
Xiaomi,Redmi 9 ,Sky Blue,4 GB,128 GB,Yes,4.4,11199,11990,Xiaomi Redmi 9 
realme,1,Silver,4 GB,64 GB,Yes,4.4,11490,12990,realme 1
SAMSUNG,Galaxy Grand I9082 ,Metallic Blue,1 GB,8 GB,Yes,4.0,8999,8999,SAMSUNG Galaxy Grand I9082 
vivo,Y72 5G ,Slate Gray,8 GB,128 GB,Yes,4.4,21990,21990,vivo Y72 5G 
Xiaomi,Redmi K20 Pro ,Carbon Black,6 GB,128 GB,Yes,4.5,28999,28999,Xiaomi Redmi K20 Pro 
ASUS,Zenfone Max ZC550KL ,Black,3 GB,32 GB,Yes,4.1,7990,7990,ASUS Zenfone Max ZC550KL 
Infinix,Smart 8,Aegean Blue,2 GB,32 GB,Yes,4.3,7499,8999,Infinix Smart 8
SAMSUNG,Galaxy A12 ,White,6 GB,128 GB,Yes,3.9,15989,16489,SAMSUNG Galaxy A12 
realme,C25 ,Watery Blue,4 GB,128 GB,Yes,4.4,10999,11999,realme C25 
Apple,iPhone 7 ,Rose Gold,2 GB,32 GB,Yes,4.5,24999,31500,Apple iPhone 7 
Lenovo,A6 Note ,Black,3 GB,32 GB,Yes,4.2,9999,9999,Lenovo A6 Note 
vivo,Y83 Pro,Black,4 GB,64 GB,Yes,4.4,15900,15900,vivo Y83 Pro
SAMSUNG,Galaxy A52 ,Awesome Violet,8 GB,128 GB,Yes,4.4,28999,31999,SAMSUNG Galaxy A52 
SAMSUNG,Galaxy F22 ,Denim Black,4 GB,64 GB,Yes,4.3,12999,14999,SAMSUNG Galaxy F22 
Apple,iPhone 6 ,Gold,1 GB,64 GB,Yes,4.4,62500,62500,Apple iPhone 6 
LG,Optimus L7 II Dual ,White,768 MB,4 GB,Yes,4.0,13299,13299,LG Optimus L7 II Dual 
OPPO,F9 Pro,Twilight Blue,6 GB,64 GB,Yes,4.5,21150,21150,OPPO F9 Pro
Apple,iPhone 11 Pro ,Space Grey,4GB,512 GB,Yes,4.6,140300,140300,Apple iPhone 11 Pro 
Lenovo,P2 ,Gold,4 GB,32 GB,Yes,4.3,17999,17999,Lenovo P2 
SAMSUNG,Galaxy A03s ,Blue,3 GB,32 GB,Yes,4.0,11499,13499,SAMSUNG Galaxy A03s 
Motorola,One Macro ,Ultra Violet,4 GB,64 GB,Yes,4.3,9499,11999,Motorola One Macro 
Google Pixel,Nexus 5X ,Black,2 GB,16 GB,Yes,4.5,12000,29990,Google Pixel Nexus 5X 
SAMSUNG,Galaxy M30s ,Black,6 GB,128 GB,Yes,4.1,16999,16999,SAMSUNG Galaxy M30s 
OPPO,A54,Starry Blue,4 GB,128 GB,Yes,4.3,15990,15990,OPPO A54
Xiaomi,Redmi Note 7 ,Onyx Black,3 GB,32 GB,Yes,,11900,12999,Xiaomi Redmi Note 7 
OPPO,F17 Pro,Matte Black,8 GB,128 GB,Yes,4.3,19990,25990,OPPO F17 Pro
Xiaomi,Mi A2 ,Red,4 GB,64 GB,Yes,4.4,11948,11948,Xiaomi Mi A2 
SAMSUNG,Metro 313,Black,4 MB,2 MB,Yes,4.2,2050,2050,SAMSUNG Metro 313
Motorola,G8 Plus,Cosmic Blue,4 GB,64 GB,Yes,4.3,12999,15999,Motorola G8 Plus
ASUS,Zenfone Go 5.0 ,Black,2 GB,8 GB,Yes,4.0,4990,4990,ASUS Zenfone Go 5.0 
Infinix,Hot 10 Play,Purple  ,3 GB,32 GB,Yes,4.3,8299,9999,Infinix Hot 10 Play
ASUS,Zenfone 4 Selfie ,Gold,3 GB,32 GB,Yes,4.1,10999,10999,ASUS Zenfone 4 Selfie 
OPPO,F17,Dynamic Orange,6 GB,128 GB,Yes,4.2,16990,20990,OPPO F17
OPPO,Reno4 Pro Special Edition,Galactic Blue,8 GB,128 GB,Yes,4.4,34990,37990,OPPO Reno4 Pro Special Edition
SAMSUNG,Galaxy J7 Duo ,Gold,4 GB,32 GB,Yes,4.3,17889,17889,SAMSUNG Galaxy J7 Duo 
Xiaomi,Redmi Note 6 Pro ,Red,6 GB,64 GB,Yes,4.5,17999,17999,Xiaomi Redmi Note 6 Pro 
SAMSUNG,Galaxy A72 ,Awesome Blue,8 GB,256 GB,Yes,4.3,37999,43999,SAMSUNG Galaxy A72 
LG,W31 ,Midnight Blue,4 GB,64 GB,Yes,4.0,9999,9999,LG W31 
Motorola,Razr ,Gold,6 GB,128 GB,Yes,3.8,74999,149999,Motorola Razr 
SAMSUNG,Galaxy Note 10 ,Aura Glow,8 GB,256 GB,Yes,4.5,73600,75000,SAMSUNG Galaxy Note 10 
SAMSUNG,Galaxy S10 Plus ,Ceramic White,12 GB,1 TB,Yes,4.5,117990,117990,SAMSUNG Galaxy S10 Plus 
Infinix,Note 10,Black,6 GB,128 GB,Yes,4.2,12499,14999,Infinix Note 10
Nokia,Lumia 625 ,White,512 MB,8 GB,Yes,4.1,17599,17599,Nokia Lumia 625 
realme,8 5G ,Supersonic Blue,4 GB,64 GB,Yes,4.3,15499,15999,realme 8 5G 
Apple,iPhone 12 Pro ,Silver,6 GB,128 GB,Yes,4.6,109900,109900,Apple iPhone 12 Pro 
Xiaomi,Redmi 8A Dual ,Sky White,3 GB,64 GB,Yes,4.4,8561,8561,Xiaomi Redmi 8A Dual 
SAMSUNG,Galaxy A9 ,Lemonade Blue,6 GB,128 GB,Yes,4.4,36000,36000,SAMSUNG Galaxy A9 
Infinix,Smart 5,Morandi Green,2 GB,32 GB,Yes,4.3,7499,8999,Infinix Smart 5
Xiaomi,Mi 10i ,Atlantic Blue,8 GB,128 GB,Yes,4.3,24890,24988,Xiaomi Mi 10i 
POCO,F1,Steel Blue,6 GB,64 GB,Yes,4.5,21999,21999,POCO F1
GIONEE,P2S ,White,512 MB,4 GB,Yes,3.6,2650,2650,GIONEE P2S 
realme,C35,Glowing Green,4 GB,64 GB,Yes,4.5,11999,13999,realme C35
Apple,iPhone 6 ,Grey,1 GB,128 GB,Yes,4.4,71500,71500,Apple iPhone 6 
Xiaomi,Redmi 5 ,Gold,3 GB,32 GB,Yes,4.4,9399,9399,Xiaomi Redmi 5 
Infinix,Hot 7,Aqua Blue,4 GB,64 GB,Yes,4.2,9999,9999,Infinix Hot 7
Lenovo,K3 Note ,Black,2 GB,16 GB,Yes,4.0,9900,9900,Lenovo K3 Note 
Lenovo,B ,White,1 GB,8 GB,Yes,3.8,6799,6799,Lenovo B 
SAMSUNG,Metro 350,Black,32 MB,Expandable Upto 16 GB,Yes,4.1,3013,3013,SAMSUNG Metro 350
Apple,iPhone XS Max ,Space Grey,4 GB,512 GB,Yes,4.6,144900,144900,Apple iPhone XS Max 
OPPO,Neo 5,White,1 GB,16 GB,Yes,3.8,4999,7490,OPPO Neo 5
realme,8,Cyber Black,6 GB,128 GB,Yes,4.3,16999,17999,realme 8
Apple,iPhone 11 Pro Max ,Silver,4GB,256 GB,Yes,4.7,131900,131900,Apple iPhone 11 Pro Max 
Lenovo,Vibe K5 Note ,Silver,3 GB,32 GB,Yes,4.1,10999,10999,Lenovo Vibe K5 Note 
realme,5 Pro ,Crystal Green,6 GB,64 GB,Yes,4.5,14999,15999,realme 5 Pro 
Nokia,110 TA-1302 DS,Black,4 MB,4 MB,Yes,4.1,1680,1680,Nokia 110 TA-1302 DS
Infinix,Hot 8,Cosmic Purple,4 GB,64 GB,Yes,4.5,9999,9999,Infinix Hot 8
SAMSUNG,M32 5G ,Sky blue,6 GB,128 GB,Yes,,21499,23999,SAMSUNG M32 5G 
HTC,U11,Amazing Silver,6 GB,128 GB,Yes,4.6,53990,53990,HTC U11
SAMSUNG,Galaxy S5 ,Charcoal Black,2 GB,16 GB,Yes,3.9,21999,21999,SAMSUNG Galaxy S5 
Infinix,Hot 11S,Silver Wave,4 GB,128 GB,Yes,4.3,11999,14999,Infinix Hot 11S
SAMSUNG,Galaxy S20 ,Cosmic Gray,8 GB,128 GB,Yes,4.3,52905,52905,SAMSUNG Galaxy S20 
Google Pixel,3 XL ,Not Pink,4 GB,128 GB,Yes,4.6,92000,92000,Google Pixel 3 XL 
realme,C21 ,Cross Black,3 GB,32 GB,Yes,4.4,8999,9999,realme C21 
realme,C21 ,Cross Blue,3 GB,32 GB,Yes,4.4,8999,9999,realme C21 
SAMSUNG,M01 core ,Blue,1 GB,16 GB,Yes,3.9,4999,4999,SAMSUNG M01 core 
SAMSUNG,Galaxy A20s ,Blue,4 GB,64 GB,Yes,4.3,13695,14900,SAMSUNG Galaxy A20s 
Nokia,2.3,Sand,2 GB,32 GB,Yes,4.0,9999,9999,Nokia 2.3
LG,Q6+ ,Blue,4 GB,64 GB,Yes,3.9,19990,19990,LG Q6+ 
Infinix,Hot 11S,Green Wave,4 GB,64 GB,Yes,4.3,10999,13999,Infinix Hot 11S
SAMSUNG,Galaxy Note10 Lite ,Aura Glow,8 GB,128 GB,Yes,4.3,39999,45000,SAMSUNG Galaxy Note10 Lite 
POCO,X3 Pro ,Graphite Black,6 GB,128 GB,Yes,4.4,18999,23999,POCO X3 Pro 
SAMSUNG,Galaxy Trend ,Ceramic White,512 MB,4 GB,Yes,3.6,4999,4999,SAMSUNG Galaxy Trend 
Infinix,Hot 9,Quetzal Cyan,4 GB,64 GB,Yes,4.4,11999,11999,Infinix Hot 9
GIONEE,S11 Lite ,Black,4 GB,32 GB,Yes,4.0,8690,8690,GIONEE S11 Lite 
Apple,iPhone 13 ,Red,4GB,512 GB,Yes,,109900,109900,Apple iPhone 13 
Apple,iPhone 7 ,Silver,,256 GB,Yes,4.5,74400,74400,Apple iPhone 7 
Apple,iPhone XS ,Space Grey,4 GB,64 GB,Yes,4.7,62999,89900,Apple iPhone XS 
OPPO,A7,Glaze Blue,3 GB,64 GB,Yes,4.3,10990,16990,OPPO A7
Xiaomi,Redmi Note 7 ,Sapphire Blue,3 GB,32 GB,Yes,4.4,11946,11946,Xiaomi Redmi Note 7 
SAMSUNG,M31 Prime ,Ocean Blue,6 GB,64 GB,Yes,4.3,16000,16000,SAMSUNG M31 Prime 
SAMSUNG,Galaxy A8 Plus ,Black,6 GB,64 GB,Yes,4.2,16860,34000,SAMSUNG Galaxy A8 Plus 
vivo,Y95,Nebula Purple,4 GB,64 GB,Yes,4.4,20000,20000,vivo Y95
Apple,iPhone 11 Pro Max ,Space Grey,4GB,512 GB,Yes,4.7,150800,150800,Apple iPhone 11 Pro Max 
Xiaomi,Redmi Note 5 Pro ,Gold,6 GB,64 GB,Yes,4.2,16999,16999,Xiaomi Redmi Note 5 Pro 
SAMSUNG,Galaxy A5 2016 Edition ,Gold,2 GB,16 GB,Yes,4.1,14490,14490,SAMSUNG Galaxy A5 2016 Edition 
Infinix,Note 4,Champagne Gold,3 GB,32 GB,Yes,4.2,8999,8999,Infinix Note 4
Motorola,G6,Indigo Black,4 GB,64 GB,Yes,4.2,20000,20000,Motorola G6
OPPO,Reno2,Luminous Black,8 GB,256 GB,Yes,4.4,38990,39990,OPPO Reno2
LG,G4 ,Metallic Gray,3 GB,32 GB,Yes,4.0,25999,25999,LG G4 
Lenovo,A269i ,Black,512 MB,512 MB,Yes,3.7,5499,5499,Lenovo A269i 
Lenovo,A6000 Plus ,Red,2 GB,16 GB,Yes,4.1,7499,7499,Lenovo A6000 Plus 
Motorola,One Vision ,Bronze Gradient,4 GB,128 GB,Yes,4.2,14999,22999,Motorola One Vision 
Lenovo,Vibe K5 Plus ,Dark Grey,3 GB,16 GB,Yes,4.0,7999,7999,Lenovo Vibe K5 Plus 
Apple,iPhone 6s Plus ,Rose Gold,2 GB,64 GB,Yes,4.4,59999,59999,Apple iPhone 6s Plus 
LG,G4 ,Red,3 GB,32 GB,Yes,4.0,35990,35990,LG G4 
Nokia,5.3,CYAN,4 GB,64 GB,Yes,3.5,11989,11989,Nokia 5.3
Apple,iPhone 12 Pro Max ,Pacific Blue,,128 GB,Yes,4.6,119900,119900,Apple iPhone 12 Pro Max 
Nokia,X2 Dual SIM ,Bright Green,1 GB,4 GB,Yes,4.2,9999,9999,Nokia X2 Dual SIM 
SAMSUNG,Grand Prime 4G ,Gold,1 GB,8 GB,Yes,4.0,9833,9833,SAMSUNG Grand Prime 4G 
vivo,U11,Electric Blue,3 GB,64 GB,Yes,4.4,11990,11990,vivo U11
vivo,Y12G ,Glacier Blue,4 GB,64 GB,Yes,4.5,15990,15990,vivo Y12G 
realme,Narzo 30 5G ,Racing Blue,4 GB,64 GB,Yes,4.4,14999,15999,realme Narzo 30 5G 
SAMSUNG,Galaxy A20s ,Blue,3 GB,32 GB,Yes,4.3,11599,12900,SAMSUNG Galaxy A20s 
OPPO,F5 Youth,Gold,3 GB,32 GB,Yes,4.3,17990,17990,OPPO F5 Youth
Apple,iPhone SE ,Black,2 GB,256 GB,Yes,4.5,54900,54900,Apple iPhone SE 
vivo,V23 5G,Sunshine Gold,12 GB,256 GB,Yes,4.4,34990,37990,vivo V23 5G
realme,Narzo 50A ,Oxygen Blue,4 GB,128 GB,Yes,4.3,12499,13999,realme Narzo 50A 
OPPO,F11,Marble Green,4 GB,128 GB,Yes,4.4,13990,21990,OPPO F11
LG,W30 ,Platinum Grey,3 GB,32 GB,Yes,3.9,8199,10999,LG W30 
Infinix,Note 11S Free Fire Edition,Symphony Cyan,8 GB,128 GB,Yes,4.3,15999,18999,Infinix Note 11S Free Fire Edition
Google Pixel,2,Just Black,4 GB,128 GB,Yes,4.6,70000,70000,Google Pixel 2
SAMSUNG,Galaxy Note 5 ,Silver Titanium,4 GB,64 GB,Yes,3.9,49990,49990,SAMSUNG Galaxy Note 5 
SAMSUNG,M31 Prime ,IceBerg Blue,6 GB,64 GB,Yes,4.3,18699,18699,SAMSUNG M31 Prime 
HTC,Desire 616,Dark Grey,1 GB,4 GB,Yes,3.8,17200,17200,HTC Desire 616
vivo,Y33T,Mirror Black,8 GB,128 GB,Yes,4.9,22990,22990,vivo Y33T
realme,X2 Pro ,Neptune Blue,12 GB,256 GB,Yes,4.6,35999,35999,realme X2 Pro 
ASUS,Zenfone GO ,Black,2 GB,16 GB,Yes,3.8,8499,8499,ASUS Zenfone GO 
Xiaomi,11 Lite NE,Jazz Blue,8 GB,129 GB,Yes,4.3,25999,25999,Xiaomi 11 Lite NE
Xiaomi,Redmi 8A Dual ,Midnight Grey,3 GB,32 GB,Yes,4.4,8299,8499,Xiaomi Redmi 8A Dual 
vivo,Y21 ,Midnight Blue,,64 GB,Yes,3.8,69990,74990,vivo Y21 
Infinix,Smart 3 Plus,Sapphire Cyan,2 GB,32 GB,Yes,4.2,7999,7999,Infinix Smart 3 Plus
Infinix,S4,Space Grey,4 GB,64 GB,Yes,4.3,10999,10999,Infinix S4
Xiaomi,Mi 11X ,Cosmic Black,8 GB,128 GB,Yes,4.2,26828,26828,Xiaomi Mi 11X 
Infinix,Hot 11,Emerald Green,4 GB,64 GB,Yes,4.4,9999,11999,Infinix Hot 11
OPPO,A12,Black,3 GB,32 GB,Yes,4.4,9490,10990,OPPO A12
Infinix,S4,Space Grey,3 GB,32 GB,Yes,4.2,9999,9999,Infinix S4
Apple,iPhone 8 ,Red,2 GB,256 GB,Yes,4.7,81500,81500,Apple iPhone 8 
Nokia,6,Matte Black,3 GB,32 GB,Yes,3.9,13999,13999,Nokia 6
ASUS,ROG Phone 3 ,Black,12 GB,256 GB,Yes,4.4,57999,65999,ASUS ROG Phone 3 
Nokia,RM-1172 / Nokia 230 DS,Black,16 MB,256 MB,Yes,4.0,4196,4196,Nokia RM-1172 / Nokia 230 DS
SAMSUNG,Galaxy A70s ,Prism Crush White,8 GB,128 GB,Yes,4.3,30500,33100,SAMSUNG Galaxy A70s 
HTC,Desire 210,White,512 MB,4 GB,Yes,3.6,9990,9990,HTC Desire 210
GIONEE,Pioneer P3S ,Gold,1 GB,16 GB,Yes,3.8,4999,4999,GIONEE Pioneer P3S 
OPPO,F11,Fluorite Purple,4 GB,128 GB,Yes,4.4,13990,21990,OPPO F11
LG,W31 Plus ,Midnight Blue,4 GB,128 GB,Yes,4.1,10999,10999,LG W31 Plus 
OPPO,F1 Plus,Rose Gold,4 GB,64 GB,Yes,4.0,24900,24900,OPPO F1 Plus
realme,3,Dynamic Black,3 GB,32 GB,Yes,4.5,8499,10999,realme 3
SAMSUNG,Grand Prime ,White,1 GB,8 GB,Yes,4.0,7992,7992,SAMSUNG Grand Prime 
OPPO,A5 2020,Dazzling White,3 GB,64 GB,Yes,4.4,12990,14990,OPPO A5 2020
HTC,Desire 326G DS,Black Onyx,1 GB,8 GB,Yes,3.7,9590,9590,HTC Desire 326G DS
HTC,826,White Birch,2 GB,16 GB,Yes,3.7,27990,27990,HTC 826
SAMSUNG,Galaxy F12 ,Sea Green,4 GB,128 GB,Yes,4.2,12499,13999,SAMSUNG Galaxy F12 
GIONEE,F9 ,Black,3 GB,32 GB,Yes,4.2,7900,7900,GIONEE F9 
Apple,iPhone 12 ,Green,4GB,256 GB,Yes,4.6,78999,80900,Apple iPhone 12 
ASUS,ROG 5s,Phantom Black,8 GB,128 GB,Yes,,49999,55999,ASUS ROG 5s
Infinix,Hot 4 Pro,Quartz Black,3 GB,16 GB,Yes,4.0,7499,7499,Infinix Hot 4 Pro
HTC,One M8 ,Amber Gold,2 GB,16 GB,Yes,4.4,59900,59900,HTC One M8 
SAMSUNG,Galaxy M10S ,Stainless Black,3 GB,32 GB,Yes,4.4,9100,10000,SAMSUNG Galaxy M10S 
Lenovo,S560 ,Deep Black,1 GB,8 GB,Yes,4.1,19999,19999,Lenovo S560 
OPPO,A83,Champagne,2 GB,16 GB,Yes,4.2,11000,11000,OPPO A83
Motorola,Razr ,Black,6 GB,128 GB,Yes,3.8,74999,149999,Motorola Razr 
vivo,Y33s ,Mirror Black,3 GB,64 GB,Yes,4.4,39990,46990,vivo Y33s 
SAMSUNG,Galaxy A12 ,Blue,6 GB,128 GB,Yes,3.9,15271,15271,SAMSUNG Galaxy A12 
SAMSUNG,Galaxy A72 ,Awesome White,8 GB,128 GB,Yes,4.3,34999,41999,SAMSUNG Galaxy A72 
Nokia,2.3,Cyan Green,2 GB,32 GB,Yes,4.0,9999,9999,Nokia 2.3
Infinix,Hot S3X,Tradew Grey,3 GB,32 GB,Yes,4.2,10999,10999,Infinix Hot S3X
Apple,iPhone 12 Mini ,Green,4GB,128 GB,Yes,4.5,61999,64900,Apple iPhone 12 Mini 
OPPO,Reno 10x Zoom,Jet Black,6 GB,128 GB,Yes,4.5,38990,41990,OPPO Reno 10x Zoom
GIONEE,V4S ,Black,1 GB,8 GB,Yes,3.5,3499,3499,GIONEE V4S 
Motorola,Z2 Force,Super Black,6 GB,64 GB,Yes,4.1,14999,44999,Motorola Z2 Force
SAMSUNG,Galaxy J7 Prime ,Gold,3 GB,32 GB,Yes,4.2,16879,16879,SAMSUNG Galaxy J7 Prime 
SAMSUNG,Galaxy J2 2018 ,Pink,2 GB,16 GB,Yes,4.3,6799,6799,SAMSUNG Galaxy J2 2018 
SAMSUNG,Galaxy J8 ,Gold,4 GB,64 GB,Yes,4.4,19500,19500,SAMSUNG Galaxy J8 
realme,3,Dynamic Black,3 GB,64 GB,Yes,4.5,9499,11999,realme 3
POCO,M2 Pro,Out of Blue,6 GB,64 GB,Yes,4.4,14999,19999,POCO M2 Pro
realme,3,Black,4 GB,64 GB,Yes,4.4,10499,12999,realme 3
SAMSUNG,Galaxy J8 ,Black,4 GB,64 GB,Yes,4.4,19500,19500,SAMSUNG Galaxy J8 
SAMSUNG,Galaxy S9 Plus ,Coral Blue,6 GB,128 GB,Yes,4.5,68900,68900,SAMSUNG Galaxy S9 Plus 
Apple,iPhone 13 Pro ,Graphite,6 GB,1 TB,Yes,,169900,169900,Apple iPhone 13 Pro 
Nokia,2.2,Black,2 GB,16 GB,Yes,4.0,8599,8599,Nokia 2.2
SAMSUNG,Galaxy S10 Lite ,Prism Blue,8 GB,512 GB,Yes,4.5,45999,51000,SAMSUNG Galaxy S10 Lite 
ASUS,ZenFone 5Z ,Midnight Blue,8 GB,256 GB,Yes,4.5,43999,43999,ASUS ZenFone 5Z 
Lenovo,P770 ,Grey,1 GB,4 GB,Yes,4.3,12899,12899,Lenovo P770 
Nokia,5.1 Plus ,Blue,6 GB,64 GB,Yes,3.7,9900,15990,Nokia 5.1 Plus 
Nokia,XR 20,Grey ,6 GB,128 GB,Yes,4.3,46988,46988,Nokia XR 20
SAMSUNG,Galaxy S5 ,Copper Gold,2 GB,16 GB,Yes,3.9,21999,21999,SAMSUNG Galaxy S5 
Apple,iPhone 11 Pro Max ,Gold,4GB,64 GB,Yes,4.7,117100,117100,Apple iPhone 11 Pro Max 
SAMSUNG,M02s ,Black,4 GB,64 GB,Yes,4.1,11499,11499,SAMSUNG M02s 
Motorola,G5s,Lunar Gray,4 GB,32 GB,Yes,4.1,7350,7350,Motorola G5s
Apple,iPhone 13 Mini ,Pink,4 GB,128 GB,Yes,,69900,69900,Apple iPhone 13 Mini 
OPPO,F7,Black,4 GB,64 GB,Yes,4.4,22990,22990,OPPO F7
OPPO,A53s 5G,Crystal Blue,6 GB,128 GB,Yes,4.3,15990,16990,OPPO A53s 5G
POCO,C31,Royal Blue,3 GB,32 GB,Yes,4.4,7999,10999,POCO C31
ASUS,Zenfone C ,Black,1 GB,8 GB,Yes,3.8,6299,6299,ASUS Zenfone C 
Nokia,5.4,Dusk,4 GB,64 GB,Yes,3.9,12999,16799,Nokia 5.4
Nokia,3.2,Steel,3 GB,32 GB,Yes,4.1,12399,12399,Nokia 3.2
Nokia,3,Tempered Blue,2 GB,16 GB,Yes,3.9,10899,10899,Nokia 3
SAMSUNG,Galaxy S21 Ultra ,Phantom Black,12 GB,256 GB,Yes,4.5,105999,128999,SAMSUNG Galaxy S21 Ultra 
realme,6 Pro ,Lightning Blue,6 GB,128 GB,Yes,4.4,18999,18999,realme 6 Pro 
realme,9i,Prism Blue,4 GB,64 GB,Yes,4.5,13999,15999,realme 9i
SAMSUNG,M52 5G,Sky Blue,8 GB,128 GB,Yes,4.2,20350,22595,SAMSUNG M52 5G
SAMSUNG,Galaxy M02 ,Blue,2 GB,32 GB,Yes,4.0,8299,8499,SAMSUNG Galaxy M02 
Infinix,Note 11S,Symphony Cyan,6 GB,64 GB,Yes,4.3,13999,16999,Infinix Note 11S
vivo,Y30 ,Emerald Black,8 GB,128 GB,Yes,4.4,13990,18990,vivo Y30 
Lenovo,A6 Note ,Blue,3 GB,32 GB,Yes,4.2,9999,9999,Lenovo A6 Note 
realme,C25s ,Watery Grey,4 GB,64 GB,Yes,4.4,10999,10999,realme C25s 
realme,1,Moonlight Silver,6 GB,128 GB,Yes,4.3,10990,14990,realme 1
realme,Narzo 30A ,Laser Black,4 GB,,Yes,4.3,10499,10999,realme Narzo 30A 
Nokia,8,Polished Blue,4 GB,64 GB,Yes,4.0,36999,36999,Nokia 8
SAMSUNG,Galaxy Z Fold3 5G ,Phantom Silver,12 GB,256 GB,Yes,4.4,149999,171999,SAMSUNG Galaxy Z Fold3 5G 
Infinix,Smart 2,Serene Gold,3 GB,32 GB,Yes,4.1,7946,7999,Infinix Smart 2
SAMSUNG,Galaxy A8 Star ,Black,6 GB,64 GB,Yes,4.3,16989,37990,SAMSUNG Galaxy A8 Star 
realme,C25Y ,Metal Grey,4 GB,64 GB,Yes,4.5,10999,12999,realme C25Y 
realme,8s 5G ,Universe Purple,6 GB,128 GB,Yes,4.5,17999,20999,realme 8s 5G 
SAMSUNG,Guru Music 2,Black,,2 MB,Yes,4.3,1625,1625,SAMSUNG Guru Music 2
realme,1,Diamond Black,6 GB,,Yes,4.3,10999,14990,realme 1
Apple,iPhone 13 Pro Max,Alpine Green,4GB,512 GB,Yes,4.7,159900,159900,Apple iPhone 13 Pro Max
Xiaomi,11i 5G,Stealth Black,8 GB,128 GB,Yes,4.3,28999,33999,Xiaomi 11i 5G
SAMSUNG,Metro 313,Black,2 MB,2 MB,Yes,4.1,2200,2200,SAMSUNG Metro 313
SAMSUNG,Galaxy A30s ,Prism Crush Black,4 GB,64 GB,Yes,4.3,18900,18900,SAMSUNG Galaxy A30s 
Apple,iPhone 12 Mini ,Blue,4GB,256 GB,Yes,4.5,71999,84900,Apple iPhone 12 Mini 
SAMSUNG,Galaxy M02 ,Grey,3 GB,32 GB,Yes,4.0,8850,9998,SAMSUNG Galaxy M02 
SAMSUNG,Galaxy S10 Lite ,Prism Black,8 GB,512 GB,Yes,4.5,49999,49999,SAMSUNG Galaxy S10 Lite 
OPPO,A31,Mystery Black,6 GB,128 GB,Yes,4.3,13799,13799,OPPO A31
Apple,iPhone 7 ,Gold,2 GB,32 GB,Yes,4.5,24999,31500,Apple iPhone 7 
OPPO,F7,Black,6 GB,128 GB,Yes,4.5,27990,27990,OPPO F7
vivo,T1 5G,Rainbow Fantasy,8 GB,128 GB,Yes,,19990,23990,vivo T1 5G
LG,G4 Stylus 4G LTE ,Titan,1 GB,16 GB,Yes,3.6,7000,14990,LG G4 Stylus 4G LTE 
SAMSUNG,Galaxy J5 ,White,1.5 GB,8 GB,Yes,4.3,11390,11390,SAMSUNG Galaxy J5 
SAMSUNG,Galaxy S3 Neo ,Marble White,1.5 GB,16 GB,Yes,4.3,13499,13500,SAMSUNG Galaxy S3 Neo 
SAMSUNG,Galaxy A31 ,Prism Crush Blue,6 GB,128 GB,Yes,4.3,16999,23999,SAMSUNG Galaxy A31 
SAMSUNG,Galaxy A3 ,Midnight Black,1 GB,16 GB,Yes,4.0,9999,9999,SAMSUNG Galaxy A3 
Google Pixel,3,Not Pink,4 GB,64 GB,Yes,4.5,71000,71000,Google Pixel 3
Infinix,Smart HD 2021,Quartz Green,2 GB,32 GB,Yes,4.3,7990,7990,Infinix Smart HD 2021
Motorola,C Plus,Fine Gold,2 GB,16 GB,Yes,4.2,6999,6999,Motorola C Plus
SAMSUNG,Galaxy J6 ,Blue,4 GB,64 GB,Yes,4.5,9490,17108,SAMSUNG Galaxy J6 
vivo,U10,Thunder Black,3 GB,32 GB,Yes,4.4,10990,10990,vivo U10
Nokia,225,Black,8 MB,Expandable Upto 32 GB,Yes,4.0,3499,3499,Nokia 225
Nokia,Asha 206,Black,32 MB,64 MB,Yes,3.8,4300,4300,Nokia Asha 206
Xiaomi,Mi 11X ,Cosmic Black,6 GB,128 GB,Yes,4.4,24283,28700,Xiaomi Mi 11X 
Xiaomi,Mi 11X ,Celestial Silver,6 GB,128 GB,Yes,4.2,24744,25990,Xiaomi Mi 11X 
SAMSUNG,Guru FM Plus,Black,128 MB,2 MB,Yes,4.2,1450,1450,SAMSUNG Guru FM Plus
vivo,Y20G ,Purist Blue,2 GB,32 GB,Yes,4.2,49990,54990,vivo Y20G 
vivo,Y71i,Gold,2 GB,16 GB,Yes,4.3,8990,8990,vivo Y71i
POCO,M3 ,Power Black,4 GB,64 GB,Yes,4.3,10999,11999,POCO M3 
ASUS,Zenfone Selfie ,Red,2 GB,16 GB,Yes,3.9,15999,15999,ASUS Zenfone Selfie 
ASUS,6Z ,Black,8 GB,256 GB,Yes,4.3,43999,43999,ASUS 6Z 
Motorola,G8 Power Lite ,Royal Blue,4 GB,64 GB,Yes,4.3,9999,9999,Motorola G8 Power Lite 
Apple,iPhone 13 Pro Max,Sierra Blue,4GB,1 TB,Yes,4.7,179900,179900,Apple iPhone 13 Pro Max
SAMSUNG,Galaxy On7 ,Gold,1.5 GB,8 GB,Yes,4.2,8490,8490,SAMSUNG Galaxy On7 
SAMSUNG,Galaxy On Nxt ,Black,3 GB,16 GB,Yes,4.3,11200,11200,SAMSUNG Galaxy On Nxt 
LG,G4 ,Genuine Leather Brown,3 GB,32 GB,Yes,4.0,30600,30600,LG G4 
Nokia,3.2,Black,2 GB,16 GB,Yes,3.8,9999,9999,Nokia 3.2
Lenovo,K6 Note ,Gold,3 GB,32 GB,Yes,4.1,6250,6250,Lenovo K6 Note 
Motorola,E7 Power ,Tahiti Blue,4 GB,64 GB,Yes,4.1,8799,11999,Motorola E7 Power 
GIONEE,P5 Mini ,Red,1 GB,8 GB,Yes,3.8,3990,3990,GIONEE P5 Mini 
Nokia,3.4,Fjord,4 GB,64 GB,Yes,3.9,11999,13999,Nokia 3.4
Xiaomi,Redmi Note 7 Pro ,Space Black,4 GB,64 GB,Yes,4.5,13499,14500,Xiaomi Redmi Note 7 Pro 
SAMSUNG,Galaxy Note 8 ,Maple Gold,6 GB,64 GB,Yes,4.6,35990,74000,SAMSUNG Galaxy Note 8 
POCO,M3 Pro 5G ,Yellow,6 GB,128 GB,Yes,4.2,16499,17999,POCO M3 Pro 5G 
OPPO,F19 Pro+ 5G,Space Silver,8 GB,128 GB,Yes,4.3,25990,29990,OPPO F19 Pro+ 5G
GIONEE,Pioneer P4S ,Black,1 GB,8 GB,Yes,3.5,3999,3999,GIONEE Pioneer P4S 
Apple,iPhone 13 Pro Max,Graphite,4GB,1 TB,Yes,4.7,179900,179900,Apple iPhone 13 Pro Max
Apple,iPhone 7 Plus ,Black,3 GB,128 GB,Yes,4.5,42900,42900,Apple iPhone 7 Plus 
SAMSUNG,Galaxy A12 ,Black,6 GB,128 GB,Yes,3.9,15843,17480,SAMSUNG Galaxy A12 
vivo,Y72 5G ,Prism Magic,4 GB,64 GB,Yes,4.4,19990,24990,vivo Y72 5G 
Motorola,E7 Plus ,Twilight Orange,4 GB,64 GB,Yes,4.2,8999,12999,Motorola E7 Plus 
realme,Narzo 50A ,Oxygen Green,4 GB,128 GB,Yes,4.3,12499,13999,realme Narzo 50A 
Apple,iPhone 13 Pro ,Silver,6 GB,256 GB,Yes,,129900,129900,Apple iPhone 13 Pro 
realme,8,Cyber Silver,6 GB,128 GB,Yes,4.3,16999,17999,realme 8
HTC,One E9+,Gold and Silver,3 GB,32 GB,Yes,4.1,53900,53900,HTC One E9+
HTC,Desire 816G,Blue,1 GB,16 GB,Yes,4.0,21999,21999,HTC Desire 816G
SAMSUNG,Galaxy S10 Lite ,Prism Black,8 GB,128 GB,Yes,4.5,40999,43999,SAMSUNG Galaxy S10 Lite 
SAMSUNG,Galaxy On8 ,Blue,4 GB,64 GB,Yes,4.4,19990,19990,SAMSUNG Galaxy On8 
Apple,iPhone 6s Plus ,Rose Gold,2 GB,32 GB,Yes,4.4,34900,34900,Apple iPhone 6s Plus 
GIONEE,Marathon M5 Plus ,Polar Gold,3 GB,64 GB,Yes,4.1,8499,28099,GIONEE Marathon M5 Plus 
Xiaomi,Mi A2 ,Gold,4 GB,64 GB,Yes,4.4,12499,12499,Xiaomi Mi A2 
Apple,iPhone 7 ,Red,2 GB,128 GB,Yes,4.5,34900,34900,Apple iPhone 7 
SAMSUNG,Galaxy F02s ,Diamond Blue,4 GB,64 GB,Yes,4.2,10499,11499,SAMSUNG Galaxy F02s 
Xiaomi,Redmi Note 9 Pro ,Champagne Gold,6 GB,128 GB,Yes,4.3,18499,18999,Xiaomi Redmi Note 9 Pro 
Apple,iPhone 13 Pro Max,Gold,4GB,1 TB,Yes,4.7,179900,179900,Apple iPhone 13 Pro Max
SAMSUNG,Z1 ,White,768 MB,4 GB,Yes,3.5,3990,3990,SAMSUNG Z1 
Apple,iPhone 13 Pro ,Silver,6 GB,1 TB,Yes,,169900,169900,Apple iPhone 13 Pro 
Xiaomi,Mi A2 ,Gold,6 GB,128 GB,Yes,4.3,14398,14398,Xiaomi Mi A2 
SAMSUNG,Galaxy A7 2016 Edition ,Gold,3 GB,16 GB,Yes,4.1,17490,17490,SAMSUNG Galaxy A7 2016 Edition 
Xiaomi,Redmi 7A ,Matte Gold,2 GB,16 GB,Yes,4.5,6499,6499,Xiaomi Redmi 7A 
ASUS,Zenfone Go 4.5 LTE ,Silver Blue,1 GB,8 GB,Yes,3.6,4890,4890,ASUS Zenfone Go 4.5 LTE 
SAMSUNG,Galaxy S6 ,Black Sapphire,3 GB,32 GB,Yes,4.0,33900,33900,SAMSUNG Galaxy S6 
OPPO,Reno 10x Zoom,Ocean Green,6 GB,128 GB,Yes,4.5,38990,41990,OPPO Reno 10x Zoom
Xiaomi,Redmi 7 ,Eclipse Black,2 GB,32 GB,Yes,4.3,9490,9490,Xiaomi Redmi 7 
Nokia,Asha 502 ,Yellow,64 MB,Expandable Upto 32 GB,Yes,3.6,3799,3799,Nokia Asha 502 
OPPO,A83,Red,4 GB,64 GB,Yes,4.3,13990,13990,OPPO A83
SAMSUNG,Galaxy A50 ,Black,4 GB,64 GB,Yes,4.3,21000,21000,SAMSUNG Galaxy A50 
GIONEE,Max ,Red,2 GB,32 GB,Yes,4.1,6299,7990,GIONEE Max 
SAMSUNG,Galaxy S6 Edge+ ,Silver Titanium,4 GB,32 GB,Yes,4.2,34999,34999,SAMSUNG Galaxy S6 Edge+ 
OPPO,A5s,Blue,4 GB,64 GB,Yes,4.4,10990,15990,OPPO A5s
LG,W30 Pro ,Midnight Blue,4 GB,64 GB,Yes,3.8,13775,14500,LG W30 Pro 
Motorola,Razr 5G ,Polished Graphite,8 GB,256 GB,Yes,4.0,89999,149999,Motorola Razr 5G 
IQOO,3,Tornado Black,8 GB,256 GB,Yes,4.4,37990,40990,IQOO 3
SAMSUNG,M52 5G,Icy Blue,6 GB,128 GB,Yes,4.3,25489,28449,SAMSUNG M52 5G
SAMSUNG,Galaxy A8 Star ,White,6 GB,64 GB,Yes,4.3,18990,18990,SAMSUNG Galaxy A8 Star 
SAMSUNG,Galaxy Note 20 Ultra 5G ,Mystic Black,12 GB,256 GB,Yes,4.5,91999,116000,SAMSUNG Galaxy Note 20 Ultra 5G 
realme,Narzo 50i ,Mint Green,4 GB,64 GB,Yes,4.3,8999,9999,realme Narzo 50i 
GIONEE,F205 Pro ,Champagne,2 GB,16 GB,Yes,4.1,6990,6990,GIONEE F205 Pro 
Apple,iPhone 6s Plus ,Gold,2 GB,64 GB,Yes,4.4,59999,59999,Apple iPhone 6s Plus 
SAMSUNG,Galaxy S9 ,Midnight Black,4 GB,128 GB,Yes,4.4,61900,61900,SAMSUNG Galaxy S9 
SAMSUNG,Galaxy Note 20 ,Mystic Bronze,8 GB,256 GB,Yes,4.3,77999,86000,SAMSUNG Galaxy Note 20 
GIONEE,S6 ,Gold,3 GB,32 GB,Yes,3.8,7999,20924,GIONEE S6 
Xiaomi,REDMI Note 10S ,Deep Sea Blue,6 GB,128 GB,Yes,4.3,17995,18950,Xiaomi REDMI Note 10S 
vivo,Y20G ,Obsidian Black,6 GB,128 GB,Yes,4.3,13400,13400,vivo Y20G 
SAMSUNG,Galaxy J6 ,Blue,3 GB,32 GB,Yes,4.4,12990,12990,SAMSUNG Galaxy J6 
POCO,F1,Rosso Red,6 GB,128 GB,Yes,4.5,24999,24999,POCO F1
SAMSUNG,Galaxy F23 5G,Forest Green,6 GB,128 GB,Yes,4.0,16999,23999,SAMSUNG Galaxy F23 5G
vivo,V20 2021 ,Sunset Melody,12 GB,256 GB,Yes,4.4,15490,19490,vivo V20 2021 
GIONEE,M7 Power ,Gold,4 GB,64 GB,Yes,4.1,15399,15399,GIONEE M7 Power 
Nokia,G20 ,Night,4 GB,64 GB,Yes,,14490,14490,Nokia G20 
HTC,U11,Brilliant Black,6 GB,128 GB,Yes,4.6,53990,53990,HTC U11
ASUS,ZenFone Max Pro M2 ,Titanium,6 GB,64 GB,Yes,4.3,19999,19999,ASUS ZenFone Max Pro M2 
Apple,iPhone X ,Silver,3 GB,256 GB,Yes,4.6,106900,106900,Apple iPhone X 
SAMSUNG,Galaxy A03s ,Black,3 GB,32 GB,Yes,4.0,11499,13499,SAMSUNG Galaxy A03s 
OPPO,Reno3 Pro,Sky White,8 GB,256 GB,Yes,4.4,27990,35990,OPPO Reno3 Pro
Lenovo,Vibe S1 ,Dark Blue,3 GB,32 GB,Yes,,13490,13490,Lenovo Vibe S1 
Lenovo,K8 Note ,Venom Black,3 GB,32 GB,Yes,4.1,7819,7819,Lenovo K8 Note 
SAMSUNG,Galaxy F41 ,Fusion Blue,6 GB,64 GB,Yes,4.3,15999,19999,SAMSUNG Galaxy F41 
realme,C25 ,Watery Grey,4 GB,128 GB,Yes,4.4,10999,11999,realme C25 
Xiaomi,Redmi 9A ,Sea Blue,3 GB,32 GB,Yes,4.1,8498,8525,Xiaomi Redmi 9A 
Nokia,6.1,Gold,4 GB,32 GB,Yes,4.0,9500,9500,Nokia 6.1
OPPO,Reno 10x Zoom,Jet Black,8 GB,256 GB,Yes,4.4,41990,55990,OPPO Reno 10x Zoom
Infinix,Hot 10S,Morandi Green,6 GB,64 GB,Yes,4.3,10999,13999,Infinix Hot 10S
SAMSUNG,Galaxy J6 Plus ,Red,4 GB,64 GB,Yes,4.3,13600,13600,SAMSUNG Galaxy J6 Plus 
OPPO,F9 Pro,Starry purple,6 GB,128 GB,Yes,4.5,21990,27990,OPPO F9 Pro
OPPO,A83 2018 Edition,Blue,4 GB,64 GB,Yes,4.3,15000,15000,OPPO A83 2018 Edition
LG,Velvet ,AURORA SILVER,6 GB,128 GB,Yes,4.2,29999,29999,LG Velvet 
Apple,iPhone 6s ,Rose Gold,2 GB,32 GB,Yes,4.5,25299,29900,Apple iPhone 6s 
Apple,iPhone 12 ,White,4GB,256 GB,Yes,4.6,78999,80900,Apple iPhone 12 
Nokia,6.1,Iron,3 GB,32 GB,Yes,4.2,17979,17979,Nokia 6.1
Nokia,5.1 Plus ,White,3 GB,32 GB,Yes,4.3,13199,13199,Nokia 5.1 Plus 
Google Pixel,3 XL ,Not Pink,4 GB,64 GB,Yes,4.6,83000,83000,Google Pixel 3 XL 
SAMSUNG,Galaxy J4 Plus ,Black,2 GB,32 GB,Yes,4.3,9000,9000,SAMSUNG Galaxy J4 Plus 
SAMSUNG,Galaxy A51 ,Prism Crush Black,6 GB,128 GB,Yes,4.3,20999,25999,SAMSUNG Galaxy A51 
OPPO,F11 Pro,Waterfall Grey,6 GB,128 GB,Yes,4.5,14990,29990,OPPO F11 Pro
SAMSUNG,Galaxy S21 Plus ,Phantom Black,8 GB,256 GB,Yes,4.4,75999,104999,SAMSUNG Galaxy S21 Plus 
Nokia,6.1,White,4 GB,64 GB,Yes,4.0,12499,16990,Nokia 6.1
SAMSUNG,Galaxy Star Advance ,White,512 MB,4 GB,Yes,3.8,5499,5499,SAMSUNG Galaxy Star Advance 
OPPO,F9,Stellar Purple,4 GB,64 GB,Yes,4.5,17890,21990,OPPO F9
GIONEE,F205 ,Black and Gold,2 GB,16 GB,Yes,4.0,8479,8479,GIONEE F205 
GIONEE,P5L ,Yellow,1 GB,16 GB,Yes,3.7,3990,7999,GIONEE P5L 
POCO,M3 Pro 5G ,Cool Blue,6 GB,128 GB,Yes,4.2,16499,17999,POCO M3 Pro 5G 
Lenovo,A6000 Plus ,Black,2 GB,16 GB,Yes,4.1,7499,7499,Lenovo A6000 Plus 
Nokia,C3 ,Nordic Blue,3 GB,32 GB,Yes,3.8,7499,9999,Nokia C3 
LG,Q6 ,Gold,3 GB,32 GB,Yes,4.0,16990,16990,LG Q6 
Apple,iPhone 12 ,Black,4GB,128 GB,Yes,4.6,68999,70900,Apple iPhone 12 
Apple,iPhone 13 Pro Max,Silver,4GB,1 TB,Yes,4.7,179900,179900,Apple iPhone 13 Pro Max
realme,X2 ,Pearl Blue,8 GB,256 GB,Yes,4.5,24999,24999,realme X2 
SAMSUNG,Galaxy Note 5 ,Silver Titanium,4 GB,32 GB,Yes,4.1,46300,46300,SAMSUNG Galaxy Note 5 
realme,Narzo 30A ,Laser Blue,3 GB,32 GB,Yes,4.3,8999,9999,realme Narzo 30A 
ASUS,Zenfone Live ,Pink,2 GB,16 GB,Yes,4.0,7999,7999,ASUS Zenfone Live 
GIONEE,Pioneer P3 ,White,512 MB,4 GB,Yes,3.6,2350,7996,GIONEE Pioneer P3 
Lenovo,Vibe K5 Plus ,Silver,3 GB,16 GB,Yes,4.0,8499,8499,Lenovo Vibe K5 Plus 
Nokia,2.2,Steel,3 GB,32 GB,Yes,4.0,9599,9599,Nokia 2.2
Apple,iPhone XS Max ,Space Grey,4 GB,256 GB,Yes,4.6,78999,124900,Apple iPhone XS Max 
Xiaomi,Redmi 6 Pro ,Red,3 GB,32 GB,Yes,4.5,9990,9990,Xiaomi Redmi 6 Pro 
realme,C11 ,Rich Grey,2 GB,32 GB,Yes,4.4,7499,8999,realme C11 
Apple,iPhone 12 Pro ,Graphite,6 GB,512 GB,Yes,4.6,139900,139900,Apple iPhone 12 Pro 
GIONEE,Max Pro ,Red,3 GB,32 GB,Yes,3.8,7299,9999,GIONEE Max Pro 
vivo,V9 Youth,Black,4 GB,32 GB,Yes,4.4,19899,19990,vivo V9 Youth
SAMSUNG,Galaxy M30 ,Gradation Black,4 GB,64 GB,Yes,4.4,13589,16490,SAMSUNG Galaxy M30 
realme,3,Radiant Blue,3 GB,64 GB,Yes,4.5,9499,11999,realme 3
Xiaomi,Mi 11X Pro 5G ,Cosmic Black,8 GB,128 GB,Yes,4.4,39999,39999,Xiaomi Mi 11X Pro 5G 
SAMSUNG,Galaxy A70s ,Prism Crush Black,8 GB,128 GB,Yes,4.3,30500,33100,SAMSUNG Galaxy A70s 
Xiaomi,11 Lite NE,Jazz Blue,8 GB,128 GB,Yes,4.3,25684,25684,Xiaomi 11 Lite NE
Apple,iPhone 7 Plus ,Rose Gold,3 GB,256 GB,Yes,4.5,85400,85400,Apple iPhone 7 Plus 
SAMSUNG,Fold 2 5G ,Black,12 GB,256 GB,Yes,,169999,169999,SAMSUNG Fold 2 5G 
Apple,iPhone XS ,Silver,4 GB,64 GB,Yes,4.7,62999,89900,Apple iPhone XS 
Infinix,Note 10 Pro,Nordic Secret,8 GB,256 GB,Yes,4.2,16999,19999,Infinix Note 10 Pro
Nokia,6.2,Black,4 GB,64 GB,Yes,4.2,12849,18999,Nokia 6.2
HTC,Wildfire X ,Blue,4 GB,128 GB,Yes,3.9,17999,17999,HTC Wildfire X 
GIONEE,F103 ,Pearl White,2 GB,16 GB,Yes,4.0,4489,9999,GIONEE F103 
Apple,iPhone 6s Plus ,Silver,2 GB,32 GB,Yes,4.4,34900,34900,Apple iPhone 6s Plus 
Motorola,One Action ,Denim Blue,4 GB,128 GB,Yes,4.2,10999,16999,Motorola One Action 
vivo,V7  ,Energetic Blue,4 GB,32 GB,Yes,4.4,15990,15990,vivo V7  
realme,X3 SuperZoom ,Arctic White,8 GB,256 GB,Yes,4.3,29999,31999,realme X3 SuperZoom 
LG,K-7 ,Titan,1.5 GB,8 GB,Yes,4.1,6590,6590,LG K-7 
LG,W11 ,Black,3 GB,32 GB,Yes,4.0,7690,7799,LG W11 
SAMSUNG,Galaxy A7 ,Black,6 GB,128 GB,Yes,4.4,24600,24600,SAMSUNG Galaxy A7 
Motorola,G7 Power,Ceramic Black,4 GB,64 GB,Yes,4.3,15999,15999,Motorola G7 Power
realme,X2 ,Pearl Green,8 GB,128 GB,Yes,4.5,20999,20999,realme X2 
SAMSUNG,Galaxy J2 Core ,Blue,1 GB,8 GB,Yes,4.2,6500,6500,SAMSUNG Galaxy J2 Core 
Nokia,6.1,Gold,4 GB,64 GB,Yes,4.0,18300,18300,Nokia 6.1
GIONEE,S6 ,Rose Gold,3 GB,32 GB,Yes,3.8,6600,6600,GIONEE S6 
POCO,M2  ,Brick Red,6 GB,64 GB,Yes,4.4,10499,12999,POCO M2  
HTC,Desire 816  ,White  ,1.5 GB,8 GB,Yes,4.1,27390,27390,HTC Desire 816  
Nokia,6310,Black,8 MB,16 MB,Yes,,4189,4189,Nokia 6310
Nokia,105,Black,32 MB,2 MB,Yes,4.1,1344,1344,Nokia 105
Xiaomi,Mi 10T ,Cosmic Black,6 GB,128 GB,Yes,4.2,32999,39999,Xiaomi Mi 10T 
realme,X3 SuperZoom ,Arctic White,12 GB,256 GB,Yes,4.2,32999,34999,realme X3 SuperZoom 
Nokia,7 Plus ,White & Copper,4 GB,64 GB,Yes,4.3,15999,15999,Nokia 7 Plus 
ASUS,Zenfone Selfie ,Grey,3 GB,32 GB,Yes,4.0,17999,17999,ASUS Zenfone Selfie 
realme,5 Pro ,Sparkling Blue,8 GB,128 GB,Yes,4.5,16999,17999,realme 5 Pro 
Apple,iPhone 6 ,Space Grey,1 GB,64 GB,Yes,4.4,44999,44999,Apple iPhone 6 
Xiaomi,Mi 10i ,Midnight Black,6 GB,128 GB,Yes,4.3,22950,24198,Xiaomi Mi 10i 
realme,C35,Glowing Black,4 GB,128 GB,Yes,4.5,12999,14999,realme C35
SAMSUNG,Galaxy A8 ,White,2 GB,32 GB,Yes,4.2,33500,33500,SAMSUNG Galaxy A8 
Xiaomi,Mi 10 ,Coral Green,8 GB,256 GB,Yes,4.2,54999,59999,Xiaomi Mi 10 
GIONEE,Marathon M5 lite CDMA ,Gold,3 GB,32 GB,Yes,3.9,13649,13649,GIONEE Marathon M5 lite CDMA 
HTC,Desire 630,Sprinkle White,2 GB,16 GB,Yes,3.8,12570,12570,HTC Desire 630
realme,C12 ,Power Silver,3 GB,32 GB,Yes,4.4,8999,10999,realme C12 
Infinix,Smart 3 Plus,Mocha Brown,2 GB,32 GB,Yes,4.2,7999,7999,Infinix Smart 3 Plus
Nokia,C3 ,Sand,2 GB,16 GB,Yes,3.7,7299,7299,Nokia C3 
Nokia,6.1,White,4 GB,32 GB,Yes,4.0,17000,17000,Nokia 6.1
Google Pixel,3 XL ,Clearly White,4 GB,128 GB,Yes,4.6,92000,92000,Google Pixel 3 XL 
Apple,iPhone 7 Plus ,Gold,3 GB,32 GB,Yes,4.5,36999,37900,Apple iPhone 7 Plus 
Xiaomi,REDMI 9 Power ,Blazing Blue,6 GB,128 GB,Yes,4.2,13499,16999,Xiaomi REDMI 9 Power 
SAMSUNG,Galaxy Core ,Chic White,1 GB,8 GB,Yes,4.0,14700,14700,SAMSUNG Galaxy Core 
LG,Stylus 2 ,Brown,2 GB,16 GB,Yes,4.1,9999,9999,LG Stylus 2 
GIONEE,P5L ,Gold,1 GB,16 GB,Yes,3.7,4290,4290,GIONEE P5L 
OPPO,A71k,Blue,3 GB,16 GB,Yes,4.4,10990,10990,OPPO A71k
realme,GT 5G ,Dashing Blue,8 GB,128 GB,Yes,4.3,37999,40999,realme GT 5G 
Motorola,G5,Lunar Grey,3 GB,16 GB,Yes,4.2,5450,5450,Motorola G5
SAMSUNG,Galaxy Star 2 ,White,512 MB,4 GB,Yes,3.9,4890,4890,SAMSUNG Galaxy Star 2 
Infinix,Note 5,Milan Black,4 GB,64 GB,Yes,4.2,12999,12999,Infinix Note 5
Infinix,Smart 5A,Quetzal Cyan,2 GB,32 GB,Yes,4.4,7199,7999,Infinix Smart 5A
Apple,iPhone 11 Pro Max ,Gold,4GB,256 GB,Yes,4.7,131900,131900,Apple iPhone 11 Pro Max 
SAMSUNG,Galaxy S21 ,Phantom White,8 GB,128 GB,Yes,4.3,69999,83999,SAMSUNG Galaxy S21 
Infinix,Note 10,Emerald Green,6 GB,128 GB,Yes,4.2,12499,14999,Infinix Note 10
OPPO,F19 Pro,Crystal Silver,8 GB,128 GB,Yes,4.3,21990,23990,OPPO F19 Pro
SAMSUNG,Galaxy Core 2 ,Black,768 MB,4 GB,Yes,3.9,5920,5920,SAMSUNG Galaxy Core 2 
GIONEE,L700,Black,8 MB,16 MB,Yes,3.9,1099,1099,GIONEE L700
Infinix,Hot S3,Sandstone Black,4 GB,64 GB,Yes,4.1,11999,11999,Infinix Hot S3
realme,C15 Qualcomm Edition ,Power Silver,4 GB,64 GB,Yes,4.4,12999,12999,realme C15 Qualcomm Edition 
Motorola,G6 Plus ,Indigo Black,6 GB,64 GB,Yes,4.3,11829,11829,Motorola G6 Plus 
OPPO,A37f,Black,2 GB,16 GB,Yes,4.2,9990,9990,OPPO A37f
Xiaomi,Redmi Note 7 Pro ,Nebula Red,4 GB,64 GB,Yes,4.3,14999,14999,Xiaomi Redmi Note 7 Pro 
SAMSUNG,Galaxy E5 ,White,1.5 GB,16 GB,Yes,4.2,8490,8490,SAMSUNG Galaxy E5 
vivo,V21e ,Dark Pearl,6 GB,64 GB,Yes,4.5,19990,24990,vivo V21e 
realme,8 5G ,Supersonic Blue,4 GB,128 GB,Yes,4.3,16499,16999,realme 8 5G 
Xiaomi,Redmi Y2 ,Blue,4 GB,64 GB,Yes,4.3,10999,10999,Xiaomi Redmi Y2 
Apple,iPhone 12 ,Green,4GB,64 GB,Yes,4.6,63999,65900,Apple iPhone 12 
Infinix,Hot 10S,Purple,6 GB,64 GB,Yes,4.3,10999,13999,Infinix Hot 10S
Infinix,Note 5 Stylus,Bordeaux Red ,4 GB,64 GB,Yes,3.9,16999,16999,Infinix Note 5 Stylus
SAMSUNG,Galaxy Note 3 ,Classic White,3 GB,32 GB,Yes,4.2,50650,50650,SAMSUNG Galaxy Note 3 
realme,C15 Qualcomm Edition ,Power Blue,4 GB,64 GB,Yes,4.4,12999,12999,realme C15 Qualcomm Edition 
Apple,iPhone SE ,Red,2 GB,256 GB,Yes,4.5,54900,54900,Apple iPhone SE 
realme,Narzo 10A ,So Blue,3 GB,32 GB,Yes,4.5,8999,9999,realme Narzo 10A 
ASUS,Zenfone Go ,Gold,1 GB,8 GB,Yes,3.8,4649,4649,ASUS Zenfone Go 
OPPO,Reno3 Pro,Auroral Blue,8 GB,128 GB,Yes,4.4,24989,24989,OPPO Reno3 Pro
Nokia,7.1,Blue,4 GB,64 GB,Yes,4.1,11199,11199,Nokia 7.1
Nokia,2.1,Blue & Silver,1 GB,8 GB,Yes,4.0,7712,7712,Nokia 2.1
realme,X ,Space Blue,4 GB,128 GB,Yes,4.5,17999,17999,realme X 
Lenovo,Vibe K5 Plus ,Silver,2 GB,16 GB,Yes,4.0,8499,8499,Lenovo Vibe K5 Plus 
Apple,iPhone XS Max ,Gold,4 GB,512 GB,Yes,4.6,144900,144900,Apple iPhone XS Max 
SAMSUNG,Galaxy J7 Duo ,Blue,4 GB,32 GB,Yes,4.3,17990,17990,SAMSUNG Galaxy J7 Duo 
SAMSUNG,Galaxy M20 ,Ocean Blue,3 GB,32 GB,Yes,4.3,10990,11290,SAMSUNG Galaxy M20 
HTC,Desire 820,Santorini White,2 GB,16 GB,Yes,4.0,25999,25999,HTC Desire 820
vivo,X60 ,Midnight Black,8 GB,128 GB,Yes,4.3,13990,16990,vivo X60 
Xiaomi,Redmi Note 7S ,Sapphire Blue,4 GB,64 GB,Yes,4.3,13500,13500,Xiaomi Redmi Note 7S 
Nokia,3.1,Black,2 GB,16 GB,Yes,3.9,10000,10000,Nokia 3.1
realme,C2 ,Diamond Blue,2 GB,16 GB,Yes,4.4,6499,6999,realme C2 
Nokia,Asha 503 ,White,512 MB,Expandable Upto 32 GB,Yes,3.8,7399,7399,Nokia Asha 503 
Apple,iPhone XR ,Blue,3 GB,64 GB,Yes,4.6,42999,47900,Apple iPhone XR 
realme,X7 5G ,Space Silver,6 GB,128 GB,Yes,4.3,19999,21999,realme X7 5G 
Apple,iPhone 13 Pro ,Sierra Blue,6 GB,256 GB,Yes,,129900,129900,Apple iPhone 13 Pro 
SAMSUNG,Galaxy A7 2016 Edition ,Gold,3 GB,16 GB,Yes,4.1,17490,17490,SAMSUNG Galaxy A7 2016 Edition 
SAMSUNG,Guru Music 2,Black,,2 MB,Yes,4.3,1450,1450,SAMSUNG Guru Music 2
Nokia,3.1,Black,3 GB,32 GB,Yes,4.0,6990,6990,Nokia 3.1
SAMSUNG,Galaxy F42 5G ,Matte Aqua,6 GB,128 GB,Yes,4.1,20999,23999,SAMSUNG Galaxy F42 5G 
SAMSUNG,Galaxy M10 ,Ocean Blue,2 GB,16 GB,Yes,4.3,8190,8190,SAMSUNG Galaxy M10 
LG,Velvet Dual Screen ,Aurora Silver,6 GB,128 GB,Yes,4.4,44990,55000,LG Velvet Dual Screen 
Nokia,1,Warm Red,1 GB,8 GB,Yes,3.9,4672,4672,Nokia 1
Apple,iPhone 6s Plus ,Space Grey,2 GB,32 GB,Yes,4.4,34900,34900,Apple iPhone 6s Plus 
SAMSUNG,Galaxy M11 ,Metallic Blue,4 GB,64 GB,Yes,4.3,12499,12800,SAMSUNG Galaxy M11 
SAMSUNG,M52 5G,Blazing Black,8 GB,128 GB,Yes,4.3,27839,31889,SAMSUNG M52 5G
OPPO,A83,Red,2 GB,16 GB,Yes,4.2,9990,9990,OPPO A83
Apple,iPhone 7 ,Black,2 GB,128 GB,Yes,4.5,34900,34900,Apple iPhone 7 
Xiaomi,11 Lite NE,Jazz Blue,6 GB,128 GB,Yes,4.3,23990,23990,Xiaomi 11 Lite NE
SAMSUNG,Galaxy S21 SE 5G,Graphite,8 GB,128 GB,Yes,4.3,54990,54990,SAMSUNG Galaxy S21 SE 5G
SAMSUNG,Guru GT,Black,153 MB,153 MB,Yes,4.1,1549,1549,SAMSUNG Guru GT
ASUS,ZenFone Max M1 ,Black,4 GB,64 GB,Yes,4.0,9599,9599,ASUS ZenFone Max M1 
realme,C25s ,Watery Grey,4 GB,128 GB,Yes,4.4,11999,11999,realme C25s 
realme,2,Diamond Black,3 GB,,Yes,4.5,9990,9990,realme 2
Apple,iPhone 8 Plus ,Silver,3 GB,64 GB,Yes,4.6,49900,49900,Apple iPhone 8 Plus 
realme,Narzo 50i ,Carbon Black,2 GB,32 GB,Yes,4.3,7499,7999,realme Narzo 50i 
vivo,Y33T,Midday Dream,8 GB,128 GB,Yes,3.9,18990,22990,vivo Y33T
SAMSUNG,Galaxy M12 ,Black,6 GB,128 GB,Yes,4.2,13984,15499,SAMSUNG Galaxy M12 
Apple,iPhone SE ,White,2 GB,128 GB,Yes,4.5,44900,44900,Apple iPhone SE 
Motorola,E6s,Rich Cranberry,4 GB,64 GB,Yes,4.1,7999,9999,Motorola E6s
realme,X7 Max,Milkyway Grey,12 GB,256 GB,Yes,4.3,29999,32999,realme X7 Max
realme,C2 ,Diamond Black,2 GB,32 GB,Yes,4.4,6999,7999,realme C2 
SAMSUNG,Galaxy A52 ,Awesome Black,6 GB,128 GB,Yes,4.3,27499,30499,SAMSUNG Galaxy A52 
ASUS,Zenfone Zoom ,White,4 GB,64 GB,Yes,3.6,37999,37999,ASUS Zenfone Zoom 
Xiaomi,Redmi 8 ,Onyx Black,4 GB,64 GB,Yes,4.3,10999,10999,Xiaomi Redmi 8 
HTC,Desire 326G DS,White Birch,1 GB,8 GB,Yes,3.7,9590,9590,HTC Desire 326G DS
SAMSUNG,Galaxy A22 ,Mint,6 GB,128 GB,Yes,4.3,18499,20499,SAMSUNG Galaxy A22 
SAMSUNG,Galaxy A32 ,Awesome Black,8 GB,128 GB,Yes,4.4,22930,26990,SAMSUNG Galaxy A32 
POCO,M2 Pro,Green and Greener,6 GB,64 GB,Yes,4.3,14999,16999,POCO M2 Pro
SAMSUNG,Galaxy A20s ,Green,3 GB,32 GB,Yes,4.3,11599,12900,SAMSUNG Galaxy A20s 
GIONEE,M7 Power ,Black,4 GB,64 GB,Yes,4.1,7899,7899,GIONEE M7 Power 
realme,Narzo 30 ,Racing Blue,6 GB,128 GB,Yes,4.3,15499,16999,realme Narzo 30 
SAMSUNG,Galaxy A20 ,Red,3 GB,32 GB,Yes,4.3,12900,12900,SAMSUNG Galaxy A20 
OPPO,A54,Crystal Black,6 GB,128 GB,Yes,4.3,16990,17990,OPPO A54
GIONEE,Marathon M5 Lite ,Gold,3 GB,32 GB,Yes,3.8,5990,5990,GIONEE Marathon M5 Lite 
realme,1,Solar Red,6 GB,128 GB,Yes,4.3,12799,12799,realme 1
Lenovo,ZUK Z1 ,Space Grey,3 GB,64 GB,Yes,3.4,7499,13499,Lenovo ZUK Z1 
SAMSUNG,Galaxy J7 - 6 New 2016 Edition) ,Gold,2 GB,16 GB,Yes,4.3,13800,13800,SAMSUNG Galaxy J7 - 6 New 2016 Edition) 
Motorola,E 2nd Gen 3G ,White,1 GB,8 GB,Yes,4.1,5999,5999,Motorola E 2nd Gen 3G 
Apple,iPhone X ,Silver,3 GB,64 GB,Yes,4.6,91900,91900,Apple iPhone X 
SAMSUNG,Galaxy A12 ,Black,4 GB,64 GB,Yes,4.2,15999,15999,SAMSUNG Galaxy A12 
Lenovo,A5000 ,White,1 GB,8 GB,Yes,4.0,9999,9999,Lenovo A5000 
vivo,Y73 ,Diamond Flare,3 GB,64 GB,Yes,4.4,28990,28990,vivo Y73 
Motorola,C Plus,Pearl White,2 GB,16 GB,Yes,4.2,6900,6900,Motorola C Plus
Infinix,Hot 10,Obsidian Black,4 GB,64 GB,Yes,4.4,11999,11999,Infinix Hot 10
SAMSUNG,Galaxy J5 ,Black,1.5 GB,8 GB,Yes,4.3,7990,7990,SAMSUNG Galaxy J5 
Nokia,8,Steel,4 GB,64 GB,Yes,4.0,36999,36999,Nokia 8
SAMSUNG,Galaxy On8 ,Black,4 GB,64 GB,Yes,4.4,19990,19990,SAMSUNG Galaxy On8 
Lenovo,K6 Note ,Grey,4 GB,32 GB,Yes,4.0,9150,9150,Lenovo K6 Note 
POCO,X2,Pheonix Red,6 GB,64 GB,Yes,4.5,14999,18999,POCO X2
SAMSUNG,Galaxy M32 ,Blue,4 GB,64 GB,Yes,4.2,15399,15499,SAMSUNG Galaxy M32 
LG,W30 ,Thunder Blue,3 GB,32 GB,Yes,3.9,8399,8399,LG W30 
Apple,iPhone 7 Plus ,Red,3 GB,128 GB,Yes,4.5,42900,42900,Apple iPhone 7 Plus 
Apple,iPhone 13 Pro ,Silver,6 GB,128 GB,Yes,,119900,119900,Apple iPhone 13 Pro 
Nokia,216 DS 2020,Black,16 MB,16 MB,Yes,4.2,2450,2450,Nokia 216 DS 2020
SAMSUNG,Galaxy M11 ,Metallic Blue,3 GB,32 GB,Yes,4.2,11745,11745,SAMSUNG Galaxy M11 
SAMSUNG,Galaxy A70s ,Prism Crush Black,6 GB,128 GB,Yes,4.3,17999,31000,SAMSUNG Galaxy A70s 
Apple,iPhone 12 Mini ,Green,4GB,256 GB,Yes,4.5,71999,74900,Apple iPhone 12 Mini 
LG,G8s ThinQ ,Black,6 GB,128 GB,Yes,,29999,29999,LG G8s ThinQ 
Infinix,Hot 10,Ocean Wave,6 GB,128 GB,Yes,4.3,13999,13999,Infinix Hot 10
realme,1,Black,4 GB,64 GB,Yes,4.4,10990,14990,realme 1
Apple,iPhone 12 Mini ,Green,4GB,64 GB,Yes,4.5,56999,59900,Apple iPhone 12 Mini 
Apple,iPhone 13 Pro Max ,Gold,6 GB,,Yes,,179900,179900,Apple iPhone 13 Pro Max 
realme,8 Pro ,Illuminating Yellow,6 GB,128 GB,Yes,4.3,17999,19999,realme 8 Pro 
Apple,iPhone 11 Pro ,Gold,4GB,64 GB,Yes,4.6,79999,106600,Apple iPhone 11 Pro 
Apple,iPhone XR ,White,3 GB,128 GB,Yes,4.6,47999,52900,Apple iPhone XR 
SAMSUNG,Galaxy J2 ,Gold,1 GB,8 GB,Yes,4.1,7400,7400,SAMSUNG Galaxy J2 
vivo,V21 5G ,Sunset Dazzle,8 GB,256 GB,Yes,4.5,15490,19490,vivo V21 5G 
vivo,V21 5G ,Dusk Blue,12 GB,256 GB,Yes,4.4,14990,14990,vivo V21 5G 
POCO,M4 Pro 5G,Yellow,8 GB,128 GB,Yes,4.4,18999,21999,POCO M4 Pro 5G
SAMSUNG,Galaxy Star Advance ,Black,512 MB,4 GB,Yes,3.8,3500,3500,SAMSUNG Galaxy Star Advance 
GIONEE,F103 Pro ,White,3 GB,16 GB,Yes,3.9,8999,8999,GIONEE F103 Pro 
vivo,S1,Skyline Blue,4 GB,128 GB,Yes,4.4,19990,19990,vivo S1
OPPO,A5s,Red,3 GB,32 GB,Yes,4.4,12990,12990,OPPO A5s
GIONEE,A1 ,Grey,4 GB,64 GB,Yes,4.0,21499,21499,GIONEE A1 
OPPO,A55,Starry Black,4 GB,64 GB,Yes,4.3,15490,15490,OPPO A55
SAMSUNG,Galaxy S20 ,Cloud Blue,8 GB,128 GB,Yes,4.3,49980,49980,SAMSUNG Galaxy S20 
realme,6,Comet White,8 GB,128 GB,Yes,4.4,16999,17999,realme 6
SAMSUNG,Galaxy M30 ,Gradation Blue,6 GB,128 GB,Yes,4.3,15890,15990,SAMSUNG Galaxy M30 
SAMSUNG,Galaxy M30 ,Gradation Blue,4 GB,64 GB,Yes,4.4,13995,14455,SAMSUNG Galaxy M30 
OPPO,A55,Rainbow Blue,6 GB,128 GB,Yes,3.8,17490,20990,OPPO A55
Lenovo,VIBE P1m ,White,2 GB,16 GB,Yes,4.1,6999,6999,Lenovo VIBE P1m 
realme,5 Pro ,Crystal Green,4 GB,64 GB,Yes,4.5,13999,14999,realme 5 Pro 
ASUS,ROG Phone II ,Black,8 GB,128 GB,Yes,4.6,40999,40999,ASUS ROG Phone II 
vivo,Y71i,Matte Black,2 GB,16 GB,Yes,4.3,8990,8990,vivo Y71i
Apple,iPhone XS Max ,Silver,4 GB,512 GB,Yes,4.6,144900,144900,Apple iPhone XS Max 
POCO,M4 Pro 5G,Power Black,4 GB,64 GB,Yes,4.5,14999,16999,POCO M4 Pro 5G
SAMSUNG,Galaxy S21 Plus ,Phantom Silver,8 GB,128 GB,Yes,4.4,71999,100999,SAMSUNG Galaxy S21 Plus 
SAMSUNG,Galaxy J7 - 6 New 2016 Edition) ,Black,2 GB,16 GB,Yes,4.3,13800,15014,SAMSUNG Galaxy J7 - 6 New 2016 Edition) 
realme,C11 2021 ,Cool Grey,2 GB,32 GB,Yes,4.3,7299,7999,realme C11 2021 
LG,X Power ,Black,2 GB,16 GB,Yes,4.0,8499,8499,LG X Power 
SAMSUNG,Galaxy M30S ,Quartz Green,4 GB,128 GB,Yes,4.3,15499,15999,SAMSUNG Galaxy M30S 
Motorola,Z2 Play,Fine Gold,4 GB,64 GB,Yes,4.4,27999,27999,Motorola Z2 Play
GIONEE,Max Pro ,Blue,3 GB,32 GB,Yes,3.8,7299,9999,GIONEE Max Pro 
SAMSUNG,Galaxy A70s ,Prism Crush Red,8 GB,128 GB,Yes,4.3,30500,33100,SAMSUNG Galaxy A70s 
LG,W30 Plus ,Aurora Green,4 GB,64 GB,Yes,3.8,12790,12790,LG W30 Plus 
SAMSUNG,Galaxy A2 Core ,Dark Gray,1 GB,16 GB,Yes,4.2,5900,5900,SAMSUNG Galaxy A2 Core 
realme,C15 ,Power Blue,4 GB,64 GB,Yes,4.4,10999,12999,realme C15 
SAMSUNG,Galaxy A72 ,Awesome Blue,8 GB,128 GB,Yes,4.3,34999,41999,SAMSUNG Galaxy A72 
SAMSUNG,Galaxy M11 ,Violet,3 GB,32 GB,Yes,4.2,11745,11745,SAMSUNG Galaxy M11 
SAMSUNG,Galaxy J7 ,White,1.5 GB,16 GB,Yes,4.3,11700,11700,SAMSUNG Galaxy J7 
SAMSUNG,Guru FM Plus SM-B110E/D,Black,,2 MB,Yes,4.3,1375,1375,SAMSUNG Guru FM Plus SM-B110E/D
OPPO,Reno3 Pro,Midnight Black,8 GB,128 GB,Yes,4.4,24768,24990,OPPO Reno3 Pro
Xiaomi,Redmi Note 11T 5G,Matte Black,6 GB,130 GB,Yes,4.2,19100,19100,Xiaomi Redmi Note 11T 5G
Nokia,2.4,Charcoal Grey,3 GB,64 GB,Yes,4.0,10399,11499,Nokia 2.4
Nokia,2.3,Charcoal,2 GB,32 GB,Yes,4.0,9999,9999,Nokia 2.3
GIONEE,Pioneer P4 ,White,1 GB,8 GB,Yes,3.8,4850,4850,GIONEE Pioneer P4 
Apple,iPhone XS ,Gold,4 GB,64 GB,Yes,4.7,62999,89900,Apple iPhone XS 
vivo,Y91i ,Fusion Black,8 GB,128 GB,Yes,4.4,14990,14990,vivo Y91i 
Apple,iPhone 6s Plus ,Rose Gold,2 GB,,Yes,4.4,34900,34900,Apple iPhone 6s Plus 
SAMSUNG,Guru FM Plus SM-B110E/D,Black,,2 MB,Yes,4.3,1450,1450,SAMSUNG Guru FM Plus SM-B110E/D
LG,K9 4G LTE ,Black,2 GB,16 GB,Yes,4.0,7999,7999,LG K9 4G LTE 
SAMSUNG,Galaxy A2 Core ,Blue,1 GB,16 GB,Yes,4.2,5900,5900,SAMSUNG Galaxy A2 Core 
Lenovo,A6000 Shot ,White,2 GB,16 GB,Yes,3.7,7990,7990,Lenovo A6000 Shot 
realme,8 Pro ,Illuminating Yellow,8 GB,,Yes,4.4,19999,21999,realme 8 Pro 
SAMSUNG,Galaxy J1 Ace ,White,512 MB,4 GB,Yes,3.9,5110,5110,SAMSUNG Galaxy J1 Ace 
Nokia,110 TA-1302 DS,Black,4 MB,4 MB,Yes,4.1,1680,1762,Nokia 110 TA-1302 DS
Apple,iPhone 11 Pro ,Midnight Green,4GB,64 GB,Yes,4.6,79999,106600,Apple iPhone 11 Pro 
SAMSUNG,Galaxy Alpha ,Frosted Gold,2 GB,32 GB,Yes,3.6,42000,42000,SAMSUNG Galaxy Alpha 
Nokia,5.1 Plus ,Black,6 GB,64 GB,Yes,3.7,14999,14999,Nokia 5.1 Plus 
Nokia,4.2,Pink Sand,3 GB,32 GB,Yes,4.0,13699,13699,Nokia 4.2
Lenovo,K8 Plus ,Venom Black,3 GB,32 GB,Yes,4.2,10999,10999,Lenovo K8 Plus 
Apple,iPhone 13 Pro ,Gold,6 GB,512 GB,Yes,,149900,149900,Apple iPhone 13 Pro 
GIONEE,F103 Pro ,Gold,3 GB,16 GB,Yes,3.9,5290,5290,GIONEE F103 Pro 
Xiaomi,Redmi 9A ,Nature Green,2 GB,32 GB,Yes,4.1,7698,7698,Xiaomi Redmi 9A 
Nokia,112,Black,16 MB,16 MB,Yes,4.1,3100,3100,Nokia 112
Apple,iPhone 7 ,Black,2 GB,256 GB,Yes,4.5,74400,74400,Apple iPhone 7 
OPPO,A31,Lake Green,4 GB,64 GB,Yes,4.3,11960,12990,OPPO A31
SAMSUNG,Galaxy Note 5 ,Gold Platinum,4 GB,32 GB,Yes,4.1,46300,46300,SAMSUNG Galaxy Note 5 
Apple,iPhone XR ,Blue,3 GB,128 GB,Yes,4.6,47999,52900,Apple iPhone XR 
Apple,iPhone 11 ,Yellow,4GB,128 GB,Yes,4.6,54900,54900,Apple iPhone 11 
SAMSUNG,Galaxy A12 ,Black,4 GB,128 GB,Yes,4.2,14999,14999,SAMSUNG Galaxy A12 
Apple,iPhone 8 Plus ,Gold,3 GB,256 GB,Yes,4.6,84900,84900,Apple iPhone 8 Plus 
Lenovo,Vibe K5 Note ,Gold,4 GB,64 GB,Yes,4.1,13499,13499,Lenovo Vibe K5 Note 
SAMSUNG,Galaxy A22 ,Mint,6 GB,128 GB,Yes,4.3,18499,20499,SAMSUNG Galaxy A22 
Lenovo,Z2 Plus ,Black,3 GB,32 GB,Yes,3.9,8250,8250,Lenovo Z2 Plus 
SAMSUNG,M01 core ,Blue,2 GB,32 GB,Yes,3.9,5999,5999,SAMSUNG M01 core 
SAMSUNG,Galaxy Grand Neo Plus ,Gold,1 GB,8 GB,Yes,4.0,6999,6999,SAMSUNG Galaxy Grand Neo Plus 
Apple,iPhone 7 Plus ,Jet Black,3 GB,32 GB,Yes,4.5,36999,37900,Apple iPhone 7 Plus 
Nokia,C01 Plus ,Grey,2 GB,16 GB,Yes,,5999,5999,Nokia C01 Plus 
LG,Optimus L3 II E425 ,Black,512 MB,4 GB,Yes,3.9,6299,6299,LG Optimus L3 II E425 
HTC,Desire 626,Blue Lagoon,2 GB,16 GB,Yes,3.7,13200,13200,HTC Desire 626
SAMSUNG,Galaxy A3 ,Pearl White,1 GB,16 GB,Yes,4.0,10800,10800,SAMSUNG Galaxy A3 
Infinix,S4,Twilight Purple,4 GB,64 GB,Yes,4.3,10999,10999,Infinix S4
Apple,iPhone 11 Pro ,Silver,4GB,256 GB,Yes,4.6,121300,121300,Apple iPhone 11 Pro 
SAMSUNG,Galaxy Grand 2 ,Gold,1.5 GB,8 GB,Yes,4.1,15999,16740,SAMSUNG Galaxy Grand 2 
Google Pixel,Nexus 5X ,Ice,2 GB,32 GB,Yes,4.3,29990,29990,Google Pixel Nexus 5X 
Nokia,130,Black,4 MB,8 MB,Yes,4.2,1625,1625,Nokia 130
Apple,iPhone 11 Pro Max ,Midnight Green,4GB,256 GB,Yes,4.7,131900,131900,Apple iPhone 11 Pro Max 
Xiaomi,Redmi 6A ,Black,2 GB,32 GB,Yes,4.3,7989,7989,Xiaomi Redmi 6A 
Xiaomi,Redmi Note 8 ,Neptune Blue,4 GB,64 GB,Yes,4.4,12999,12999,Xiaomi Redmi Note 8 
Apple,iPhone 13 Pro Max ,Silver,6 GB,,Yes,,129900,129900,Apple iPhone 13 Pro Max 
OPPO,A71 New Edition,Black,3 GB,16 GB,Yes,4.4,9940,9940,OPPO A71 New Edition
Apple,iPhone 12 Pro ,Pacific Blue,6 GB,128 GB,Yes,4.6,109900,109900,Apple iPhone 12 Pro 
SAMSUNG,Galaxy A8 ,Black,2 GB,32 GB,Yes,4.2,25990,25990,SAMSUNG Galaxy A8 
SAMSUNG,Galaxy J4 ,Gold,2 GB,16 GB,Yes,4.3,9500,9500,SAMSUNG Galaxy J4 
OPPO,A9 2020,Marine Green,4 GB,128 GB,Yes,4.3,14990,18990,OPPO A9 2020
Infinix,Note 5 Stylus,Charcoal Blue,4 GB,64 GB,Yes,3.9,16999,16999,Infinix Note 5 Stylus
realme,8 Pro ,Illuminating Yellow,8 GB,128 GB,Yes,4.4,19999,21999,realme 8 Pro 
Nokia,150/150 DS,Black,4 MB,4 MB,Yes,4.2,2540,2540,Nokia 150/150 DS
OPPO,A16,Crystal Black,4 GB,64 GB,Yes,,13490,13490,OPPO A16
SAMSUNG,Galaxy S20 FE ,Cloud Red,8 GB,128 GB,Yes,4.0,49999,65999,SAMSUNG Galaxy S20 FE 
SAMSUNG,Galaxy Core 2 ,White,768 MB,4 GB,Yes,3.9,5940,5940,SAMSUNG Galaxy Core 2 
GIONEE,P5_W ,White,1 GB,16 GB,Yes,3.8,2799,2799,GIONEE P5_W 
SAMSUNG,Galaxy Note 10 ,Aura Black,8 GB,256 GB,Yes,4.5,73600,75000,SAMSUNG Galaxy Note 10 
LG,K7i ,Brown,2 GB,16 GB,Yes,4.0,9990,9990,LG K7i 
ASUS,ROG Phone 3 ,Black,12 GB,128 GB,Yes,4.4,49999,57999,ASUS ROG Phone 3 
SAMSUNG,Galaxy J2 ,Black,1 GB,8 GB,Yes,4.1,7400,7400,SAMSUNG Galaxy J2 
Apple,iPhone 13 Pro Max ,Sierra Blue,6 GB,1 TB,Yes,,179900,179900,Apple iPhone 13 Pro Max 
ASUS,6Z ,Silver,8 GB,256 GB,Yes,4.3,43999,43999,ASUS 6Z 
ASUS,Zenfone Live ,Gold,2 GB,16 GB,Yes,4.0,7668,7668,ASUS Zenfone Live 
SAMSUNG,Galaxy A10 ,Red,2 GB,32 GB,Yes,4.3,8700,8700,SAMSUNG Galaxy A10 
Xiaomi,Redmi 6 ,Black,3 GB,64 GB,Yes,4.2,10450,10450,Xiaomi Redmi 6 
Lenovo,A6600 ,White,1 GB,16 GB,Yes,3.8,4499,7499,Lenovo A6600 
Xiaomi,Redmi 6 Pro ,Red,4 GB,64 GB,Yes,4.4,11999,12990,Xiaomi Redmi 6 Pro 
SAMSUNG,Galaxy Grand 2 ,Black,1.5 GB,8 GB,Yes,4.1,9999,9999,SAMSUNG Galaxy Grand 2 
Google Pixel,Very Silver,Silver,4 GB,32 GB,Yes,4.4,57000,57000,Google Pixel Very Silver
ASUS,Zenfone Go 5.0 LTE 2nd Gen ,Red,2 GB,16 GB,Yes,3.6,5990,5990,ASUS Zenfone Go 5.0 LTE 2nd Gen 
Apple,iPhone XR ,Coral,3 GB,256 GB,Yes,4.6,91900,91900,Apple iPhone XR 
realme,Narzo 20 Pro ,White Knight,6 GB,64 GB,Yes,4.3,14999,16999,realme Narzo 20 Pro 
Apple,iPhone XS Max ,Silver,4 GB,64 GB,Yes,4.6,73999,109900,Apple iPhone XS Max 
SAMSUNG,Galaxy M02 ,Red,2 GB,32 GB,Yes,4.0,7900,7900,SAMSUNG Galaxy M02 
SAMSUNG,Sm-B110E/D,Black,,2 MB,Yes,4.1,1497,1497,SAMSUNG Sm-B110E/D
vivo,Y83,Gold,4 GB,32 GB,Yes,4.4,15990,15990,vivo Y83
Lenovo,K6 POWER ,GREY/BLACK,4 GB,32 GB,Yes,4.0,7999,7999,Lenovo K6 POWER 
SAMSUNG,Galaxy Trend ,Wine Red,512 MB,4 GB,Yes,3.6,6999,8740,SAMSUNG Galaxy Trend 
Nokia,7.2,Ice,4 GB,64 GB,Yes,4.1,19999,19999,Nokia 7.2
OPPO,A71,Black,3 GB,16 GB,Yes,4.2,12500,12500,OPPO A71
Nokia,110,Black,16 MB,10 MB,Yes,3.6,1599,1599,Nokia 110
Apple,iPhone 7 ,Rose Gold,2 GB,256 GB,Yes,4.5,74400,74400,Apple iPhone 7 
LG,L90 Dual ,White,1 GB,8 GB,Yes,4.2,15532,15532,LG L90 Dual 
SAMSUNG,Galaxy M30 ,Blue,3 GB,32 GB,Yes,4.3,10399,11000,SAMSUNG Galaxy M30 
Xiaomi,REDMI Note 9 ,Shadow Black,4 GB,64 GB,Yes,,11999,14999,Xiaomi REDMI Note 9 
Nokia,2.4,Dusk Purple,3 GB,64 GB,Yes,4.0,10399,11499,Nokia 2.4
SAMSUNG,Galaxy A21s ,Blue,6 GB,64 GB,Yes,4.2,14839,16900,SAMSUNG Galaxy A21s 
Apple,iPhone SE ,Red,2 GB,256 GB,Yes,4.5,54900,54900,Apple iPhone SE 
SAMSUNG,Galaxy J6 ,Black,3 GB,32 GB,Yes,4.4,13500,13500,SAMSUNG Galaxy J6 
OPPO,A52,Twilight Black,4 GB,128 GB,Yes,4.4,14990,17990,OPPO A52
LG,V20 ,Silver,4 GB,64 GB,Yes,4.2,29199,29199,LG V20 
Infinix,Zero 8i,Silver Diamond,8 GB,128 GB,Yes,4.2,18999,18999,Infinix Zero 8i
Infinix,Hot 11,Purple,4 GB,64 GB,Yes,4.4,9999,11999,Infinix Hot 11
SAMSUNG,Galaxy A12 ,White,4 GB,64 GB,Yes,4.2,13999,13999,SAMSUNG Galaxy A12 
Motorola,E7 Power ,Tahiti Blue,2 GB,32 GB,Yes,4.1,6999,9999,Motorola E7 Power 
SAMSUNG,Galaxy F12 ,Sky Blue,4 GB,64 GB,Yes,4.2,11499,12999,SAMSUNG Galaxy F12 
realme,6i ,Lunar White,4 GB,,Yes,4.4,12999,14999,realme 6i 
SAMSUNG,M31 Prime ,Ocean Blue,6 GB,128 GB,Yes,4.3,17194,17194,SAMSUNG M31 Prime 
HTC,820S,Milkyway Grey,2 GB,16 GB,Yes,3.9,25500,25500,HTC 820S
POCO,M2  ,Pitch Black,6 GB,128 GB,Yes,4.4,11499,14999,POCO M2  
Lenovo,Vibe Z2 Pro ,Starry Night Black,3 GB,32 GB,Yes,4.0,29999,29999,Lenovo Vibe Z2 Pro 
SAMSUNG,Galaxy Note 5 ,black sapphire,4 GB,32 GB,Yes,4.1,46300,46300,SAMSUNG Galaxy Note 5 
GIONEE,X-1 ,Gold,2 GB,16 GB,Yes,4.0,5149,5149,GIONEE X-1 
SAMSUNG,Galaxy J4 ,Blue,2 GB,16 GB,Yes,4.3,9500,9500,SAMSUNG Galaxy J4 
Google Pixel,XL ,Very Silver,4 GB,128 GB,Yes,4.5,76000,76000,Google Pixel XL 
realme,X7 Pro 5G ,Mystic Black,8 GB,128 GB,Yes,4.3,29999,32999,realme X7 Pro 5G 
Nokia,2,Pewter / White,1 GB,8 GB,Yes,3.8,6295,6295,Nokia 2
LG,W31 ,midnight blue,4 GB,64 GB,Yes,4.0,9999,9999,LG W31 
Motorola,Edge 20 Fusion ,Cyber Teal,8 GB,128 GB,Yes,,22999,25999,Motorola Edge 20 Fusion 
LG,Stylus 2 ,Titan,2 GB,16 GB,Yes,4.1,12999,12999,LG Stylus 2 
Apple,iPhone 6 ,Silver,1 GB,64 GB,Yes,4.4,62000,62000,Apple iPhone 6 
SAMSUNG,Galaxy Note 9 ,Alpine White,6 GB,128 GB,Yes,4.6,73600,73600,SAMSUNG Galaxy Note 9 
Apple,iPhone 6s Plus ,Gold,2 GB,32 GB,Yes,4.4,34900,34900,Apple iPhone 6s Plus 
OPPO,F19 Pro,Fantastic Purple,8 GB,128 GB,Yes,4.3,21990,23990,OPPO F19 Pro
Motorola,G40 Fusion ,Frosted Champagne,4 GB,64 GB,Yes,4.3,14499,16999,Motorola G40 Fusion 
GIONEE,G3 ,Black,1 GB,4 GB,Yes,2.8,10990,10990,GIONEE G3 
SAMSUNG,Galaxy A6 ,Gold,4 GB,64 GB,Yes,4.3,13999,14999,SAMSUNG Galaxy A6 
SAMSUNG,Galaxy A10s ,Blue,2 GB,32 GB,Yes,4.4,10000,10000,SAMSUNG Galaxy A10s 
SAMSUNG,Galaxy S9 Plus ,Lilac Purple,6 GB,128 GB,Yes,4.5,68900,68900,SAMSUNG Galaxy S9 Plus 
Motorola,G8 Plus,Crystal Pink,4 GB,64 GB,Yes,4.3,12999,15999,Motorola G8 Plus
OPPO,F1S,Grey,3 GB,32 GB,Yes,4.2,12990,12990,OPPO F1S
realme,C21Y ,Cross Blue,4 GB,64 GB,Yes,4.4,9999,10999,realme C21Y 
Apple,iPhone 11 ,Red,4GB,256 GB,Yes,4.6,64900,64900,Apple iPhone 11 
Motorola,Edge 20 Fusion ,Electric Graphite,6 GB,128 GB,Yes,3.9,21499,24999,Motorola Edge 20 Fusion 
Infinix,Hot 11S,Polar Black,4 GB,64 GB,Yes,4.3,10999,13999,Infinix Hot 11S
Apple,iPhone XR ,Coral,3 GB,64 GB,Yes,4.6,42999,47900,Apple iPhone XR 
Nokia,3.1,Black,2 GB,16 GB,Yes,3.9,9999,9999,Nokia 3.1
GIONEE,A1 Lite ,Black,3 GB,32 GB,Yes,3.9,11499,11499,GIONEE A1 Lite 
SAMSUNG,Galaxy J2 2018 ,Black,2 GB,16 GB,Yes,4.3,7999,7999,SAMSUNG Galaxy J2 2018 
LG,Q7 ,Lavender Violet,3 GB,32 GB,Yes,3.3,16996,16996,LG Q7 
Apple,iPhone 7 ,Black,2 GB,128 GB,Yes,4.5,34900,34900,Apple iPhone 7 
Lenovo,K3 Note ,White,2 GB,16 GB,Yes,4.0,7000,7000,Lenovo K3 Note 
SAMSUNG,Galaxy Note 3 Neo ,Black,2 GB,16 GB,Yes,4.2,19900,19900,SAMSUNG Galaxy Note 3 Neo 
SAMSUNG,Galaxy F23 5G,Aqua Blue,6 GB,128 GB,Yes,4.0,16999,23999,SAMSUNG Galaxy F23 5G
SAMSUNG,Galaxy Grand 2 ,White,1.5 GB,8 GB,Yes,4.1,10990,10990,SAMSUNG Galaxy Grand 2 
realme,X2 Pro ,Concrete,12 GB,256 GB,Yes,4.6,36999,36999,realme X2 Pro 
OPPO,K1,Piano Black,4 GB,64 GB,Yes,4.4,15000,15000,OPPO K1
SAMSUNG,Galaxy M42 5G ,Prism Dot Gray,6 GB,128 GB,Yes,4.3,17000,21540,SAMSUNG Galaxy M42 5G 
GIONEE,M7 ,Gold,6 GB,64 GB,Yes,2.7,9290,9290,GIONEE M7 
Nokia,TA-1010/105,Black,4 MB,4 MB,Yes,4.2,1332,1332,Nokia TA-1010/105
SAMSUNG,Galaxy M21 ,Midnight Blue,6 GB,128 GB,Yes,4.2,15499,15499,SAMSUNG Galaxy M21 
realme,Narzo 30A ,Laser Black,3 GB,32 GB,Yes,4.3,8999,9999,realme Narzo 30A 
Apple,iPhone XS ,Space Grey,4 GB,64 GB,Yes,4.7,62999,89900,Apple iPhone XS 
realme,6,Comet White,6 GB,64 GB,Yes,4.4,14999,17999,realme 6
OPPO,F3 Plus,Gold,6 GB,64 GB,Yes,4.3,22990,22990,OPPO F3 Plus
Apple,iPhone 12 Pro Max ,Graphite,,128 GB,Yes,4.6,119900,119900,Apple iPhone 12 Pro Max 
SAMSUNG,Metro 313,Black,,Expandable Upto 16 GB,Yes,4.1,1990,1990,SAMSUNG Metro 313
Nokia,150 DS 2020,Black,4 MB,4 MB,Yes,4.1,2533,2643,Nokia 150 DS 2020
vivo,X70 Pro ,Aurora Dawn,8 GB,256 GB,Yes,4.5,49990,54990,vivo X70 Pro 
Motorola,X 2nd Generation ,Black Leather,2 GB,16 GB,Yes,4.2,23999,23999,Motorola X 2nd Generation 
SAMSUNG,Galaxy M32 5G ,Slate Black,8 GB,128 GB,Yes,,24999,24999,SAMSUNG Galaxy M32 5G 
Xiaomi,Mi 11 Lite ,Tuscany Coral,6 GB,128 GB,Yes,4.2,21999,24999,Xiaomi Mi 11 Lite 
Apple,iPhone XS ,Silver,4 GB,256 GB,Yes,4.7,76999,103900,Apple iPhone XS 
SAMSUNG,Galaxy E7 ,White,2 GB,16 GB,Yes,4.3,12999,12999,SAMSUNG Galaxy E7 
realme,7i ,Fusion Green,4 GB,128 GB,Yes,4.3,14999,14999,realme 7i 
Apple,iPhone 6s ,Rose Gold,2 GB,64 GB,Yes,4.5,72000,72000,Apple iPhone 6s 
OPPO,F17,Dynamic Orange,8 GB,128 GB,Yes,4.3,22990,22990,OPPO F17
Xiaomi,REDMI Note 10 Pro ,Dark Night,6 GB,128 GB,Yes,4.3,18887,19618,Xiaomi REDMI Note 10 Pro 
Lenovo,X2-AP ,Gold,2 GB,32 GB,Yes,3.7,17499,17499,Lenovo X2-AP 
realme,C2 ,Diamond Blue,3 GB,32 GB,Yes,4.4,7499,8999,realme C2 
Apple,iPhone 13 Pro Max ,Silver,6 GB,1 TB,Yes,,179900,179900,Apple iPhone 13 Pro Max 
SAMSUNG,Galaxy J5 Prime ,Black,3 GB,32 GB,Yes,4.3,13500,13500,SAMSUNG Galaxy J5 Prime 
Xiaomi,11i Hypercharge 5G,Pacific Pearl,8 GB,128 GB,Yes,4.3,28999,33999,Xiaomi 11i Hypercharge 5G
OPPO,A54,Moonlight Gold,4 GB,128 GB,Yes,4.3,15990,15990,OPPO A54
SAMSUNG,Galaxy A71 ,Prism Crush Silver,8 GB,128 GB,Yes,4.4,27499,34999,SAMSUNG Galaxy A71 
OPPO,A7,Glaring Gold,3 GB,64 GB,Yes,4.3,10990,16990,OPPO A7
GIONEE,P7 Max ,Gold,3 GB,32 GB,Yes,3.9,5999,5999,GIONEE P7 Max 
GIONEE,Elife S7 ,White,2 GB,16 GB,Yes,4.1,15999,15999,GIONEE Elife S7 
SAMSUNG,Galaxy A32 ,Awesome Blue,6 GB,128 GB,Yes,4.1,21700,21700,SAMSUNG Galaxy A32 
Apple,iPhone 8 ,Space Grey,2 GB,256 GB,Yes,4.5,77000,77000,Apple iPhone 8 
Motorola,Edge+ ,Smoky Sangria,12 GB,256 GB,Yes,4.1,64999,89999,Motorola Edge+ 
ASUS,ZenFone Max M1 ,Black,3 GB,32 GB,Yes,4.2,9599,9599,ASUS ZenFone Max M1 
Apple,iPhone 13 Pro Max,Silver,4GB,512 GB,Yes,4.7,159900,159900,Apple iPhone 13 Pro Max
realme,3,Black,3 GB,32 GB,Yes,4.5,8499,10999,realme 3
Nokia,6310,Black,16 MB,8 MB,Yes,,4049,4049,Nokia 6310
POCO,M4 Pro,Power Black,6 GB,64 GB,Yes,4.4,14999,17999,POCO M4 Pro
Lenovo,K6 Power ,Grey,4 GB,32 GB,Yes,4.0,8999,8999,Lenovo K6 Power 
Google Pixel,Nexus 5X ,Ice,2 GB,16 GB,Yes,4.3,25990,25990,Google Pixel Nexus 5X 
realme,C12 ,Power Blue,3 GB,32 GB,Yes,4.4,8999,10999,realme C12 
SAMSUNG,Galaxy Grand Neo Plus ,White,1 GB,8 GB,Yes,4.0,5999,5999,SAMSUNG Galaxy Grand Neo Plus 
SAMSUNG,Galaxy A71 ,Haze Crush Silver,8 GB,128 GB,Yes,4.4,27499,34999,SAMSUNG Galaxy A71 
LG,V40 ThinQ ,Platinum Grey,6 GB,128 GB,Yes,4.4,60000,60000,LG V40 ThinQ 
LG,W30 Pro ,Midnight Purple,4 GB,64 GB,Yes,3.8,14999,14999,LG W30 Pro 
realme,Narzo 20A ,Glory Silver,3 GB,32 GB,Yes,4.3,8499,10999,realme Narzo 20A 
LG,Nexus4 E960,White,2 GB,16 GB,Yes,4.5,26299,26299,LG Nexus4 E960
POCO,M3 ,Power Black,6 GB,64 GB,Yes,4.3,11999,12999,POCO M3 
realme,5i ,Forest Green,4 GB,128 GB,Yes,4.5,11999,11999,realme 5i 
SAMSUNG,M02s ,Red,3 GB,32 GB,Yes,4.2,8999,8999,SAMSUNG M02s 
Infinix,Hot 10,Obsidian Black,6 GB,128 GB,Yes,4.3,13999,13999,Infinix Hot 10
Lenovo,K6 Note ,Silver,4 GB,32 GB,Yes,4.0,7599,7599,Lenovo K6 Note 
Nokia,105 DS 2020,Black,4 MB,4 MB,Yes,4.2,1349,1599,Nokia 105 DS 2020
SAMSUNG,Galaxy S10 ,Prism Blue,8 GB,128 GB,Yes,4.6,39999,71000,SAMSUNG Galaxy S10 
vivo,Y20 ,Obsidian Black,8 GB,256 GB,Yes,4.3,13995,13995,vivo Y20 
Apple,iPhone 6s ,Gold,2 GB,16 GB,Yes,4.5,41999,41999,Apple iPhone 6s 
Xiaomi,Redmi Note 6 Pro ,Black,6 GB,64 GB,Yes,4.1,14999,14999,Xiaomi Redmi Note 6 Pro 
Nokia,150,Black,4 MB,4 MB,Yes,4.2,2000,2000,Nokia 150
OPPO,A53s 5G,Ink Black,6 GB,128 GB,Yes,4.3,15990,16990,OPPO A53s 5G
GIONEE,S11 ,Gold,4 GB,64 GB,Yes,2.8,8389,8389,GIONEE S11 
GIONEE,P5 Mini ,Black,1 GB,8 GB,Yes,3.8,3490,3490,GIONEE P5 Mini 
HTC,816G,Blue,1 GB,16 GB,Yes,3.9,21990,21990,HTC 816G
realme,C25Y ,Metal Grey,4 GB,128 GB,Yes,,11999,13999,realme C25Y 
Xiaomi,MI 11X 5G ,LUNAR WHITE,6 GB,128 GB,Yes,4.4,26495,28990,Xiaomi MI 11X 5G 
ASUS,ROG Phone 5 ,Black,12 GB,256 GB,Yes,4.5,57999,63999,ASUS ROG Phone 5 
Apple,iPhone 13 Pro Max,Sierra Blue,4GB,512 GB,Yes,4.7,159900,159900,Apple iPhone 13 Pro Max
Motorola,G7,Black,4 GB,64 GB,Yes,4.3,9999,18999,Motorola G7
Apple,iPhone 6s ,Space Grey,2 GB,16 GB,Yes,4.5,62000,62000,Apple iPhone 6s 
Apple,iPhone 13 Pro Max ,Silver,6 GB,128 GB,Yes,,129900,129900,Apple iPhone 13 Pro Max 
Lenovo,K4 Note ,Black/Tuxedo Black,3 GB,16 GB,Yes,3.9,7999,7999,Lenovo K4 Note 
SAMSUNG,Galaxy A21s ,Silver,6 GB,128 GB,Yes,4.2,17499,18999,SAMSUNG Galaxy A21s 
ASUS,ROG Phone 5 ,Black,8 GB,128 GB,Yes,4.3,49999,55999,ASUS ROG Phone 5 
SAMSUNG,Galaxy M51 ,Celestial Black,8 GB,128 GB,Yes,4.4,27999,27999,SAMSUNG Galaxy M51 
Lenovo,K9 Note ,Black,4 GB,64 GB,Yes,4.1,11999,11999,Lenovo K9 Note 
Apple,iPhone XS ,Gold,4 GB,64 GB,Yes,4.7,62999,89900,Apple iPhone XS 
SAMSUNG,GT 1200 R/I/M,Black,,2 MB,Yes,4.1,1099,1099,SAMSUNG GT 1200 R/I/M
Apple,iPhone 11 ,Green,4GB,256 GB,Yes,4.6,64900,64900,Apple iPhone 11 
realme,X7 5G ,Nebula,8 GB,128 GB,Yes,4.3,21999,23999,realme X7 5G 
OPPO,R17,Neon Purple,8 GB,128 GB,Yes,3.7,38999,38999,OPPO R17
Nokia,6.1 Plus ,Blue,4 GB,64 GB,Yes,4.3,18599,18599,Nokia 6.1 Plus 
OPPO,A16,Black,3 GB,32 GB,Yes,3.7,10490,10490,OPPO A16
OPPO,A12,Blue,3 GB,32 GB,Yes,4.4,9490,10990,OPPO A12
SAMSUNG,Galaxy M12 ,White,4 GB,64 GB,Yes,4.2,11730,12900,SAMSUNG Galaxy M12 
LG,W41 Plus ,Magic Blue,4 GB,128 GB,Yes,3.8,9499,18000,LG W41 Plus 
Apple,iPhone 12 ,Purple,4GB,256 GB,Yes,4.6,78999,80900,Apple iPhone 12 
ASUS,ZenFone 5Z ,Meteor Silver,8 GB,256 GB,Yes,4.5,43999,43999,ASUS ZenFone 5Z 
Apple,iPhone 6s Plus ,Silver,2 GB,64 GB,Yes,4.4,59999,59999,Apple iPhone 6s Plus 
OPPO,K3,Aurora Blue,6 GB,64 GB,Yes,4.3,23990,24667,OPPO K3
SAMSUNG,Galaxy F12 ,Celestial Black,4 GB,128 GB,Yes,4.2,12499,13999,SAMSUNG Galaxy F12 
OPPO,A3s,Purple,2 GB,16 GB,Yes,4.4,9500,9500,OPPO A3s
OPPO,F15,Blazing Blue,8 GB,128 GB,Yes,4.4,18990,22990,OPPO F15
vivo,Y12G ,Phantom Black,12 GB,256 GB,Yes,4.4,15900,15900,vivo Y12G 
Infinix,S5 Lite,Quetzal Cyan,4 GB,64 GB,Yes,4.3,9999,9999,Infinix S5 Lite
Apple,iPhone 13 Mini ,Pink,4 GB,256 GB,Yes,,79900,79900,Apple iPhone 13 Mini 
Motorola,X Play,White,2 GB,16 GB,Yes,4.2,17499,17499,Motorola X Play
OPPO,A55,Mint Green,4 GB,64 GB,Yes,4.3,15490,15490,OPPO A55
SAMSUNG,Galaxy A51 ,Haze Crush Silver,8 GB,128 GB,Yes,4.3,22499,29999,SAMSUNG Galaxy A51 
OPPO,Neo 7 4G,Black,1 GB,16 GB,Yes,3.8,10000,10000,OPPO Neo 7 4G
SAMSUNG,Galaxy A20s ,Green,4 GB,64 GB,Yes,4.3,13695,14900,SAMSUNG Galaxy A20s 
Apple,iPhone XR ,Yellow,3 GB,256 GB,Yes,4.6,91900,91900,Apple iPhone XR 
Lenovo,A2010 ,Grey,1 GB,8 GB,Yes,3.9,5499,5499,Lenovo A2010 
POCO,M4 Pro,Cool Blue,6 GB,128 GB,Yes,4.4,16499,19999,POCO M4 Pro
vivo,Y75 5G,Starlight Black,8 GB,128 GB,Yes,4.3,21990,21990,vivo Y75 5G
SAMSUNG,Galaxy A6+ ,Black,4 GB,64 GB,Yes,4.4,21990,21990,SAMSUNG Galaxy A6+ 
SAMSUNG,Galaxy J1 ,Black,1 GB,8 GB,Yes,4.0,7550,7550,SAMSUNG Galaxy J1 
realme,C3 ,Volcano Grey,4 GB,64 GB,Yes,4.4,9999,9999,realme C3 
SAMSUNG,Galaxy A12 ,Black,6 GB,128 GB,Yes,3.9,14999,14999,SAMSUNG Galaxy A12 
SAMSUNG,Galaxy A22 5G ,Violet,6 GB,128 GB,Yes,4.3,19999,22499,SAMSUNG Galaxy A22 5G 
Xiaomi,Y11T Pro,Meteorite Black,,256 GB,Yes,4.3,41996,41996,Xiaomi Y11T Pro
realme,X2 ,Pearl Green,8 GB,,Yes,4.5,20999,20999,realme X2 
vivo,Y95,Starry Black,4 GB,32 GB,Yes,4.4,17000,17000,vivo Y95
GIONEE,P5 Mini ,Yellow,1 GB,8 GB,Yes,3.8,3490,5999,GIONEE P5 Mini 
SAMSUNG,Galaxy E7 ,Black,2 GB,16 GB,Yes,4.3,16200,16200,SAMSUNG Galaxy E7 
Motorola,E6s,Polished Graphite,4 GB,64 GB,Yes,4.1,7999,9999,Motorola E6s
SAMSUNG,Galaxy J5 - 6 New 2016 Edition) ,Gold,2 GB,16 GB,Yes,4.2,10990,10990,SAMSUNG Galaxy J5 - 6 New 2016 Edition) 
OPPO,F7,Red,4 GB,64 GB,Yes,4.4,22990,22990,OPPO F7
realme,X ,Polar White,8 GB,128 GB,Yes,4.5,20999,20999,realme X 
SAMSUNG,M01 core ,Red,2 GB,32 GB,Yes,3.9,5990,5990,SAMSUNG M01 core 
GIONEE,S96,Black,64 MB,128 MB,Yes,3.9,3150,3150,GIONEE S96
Xiaomi,REDMI Note 10 Pro ,Dark Nebula,6 GB,128 GB,Yes,4.4,19799,19799,Xiaomi REDMI Note 10 Pro 
vivo,T1 5G,Starlight Black,6 GB,128 GB,Yes,,16990,20990,vivo T1 5G
SAMSUNG,Galaxy S20 FE ,Cloud White,8 GB,128 GB,Yes,4.0,49999,65999,SAMSUNG Galaxy S20 FE 
Motorola,Z Play,Black,3 GB,32 GB,Yes,4.4,24999,24999,Motorola Z Play
SAMSUNG,Galaxy F42 5G ,Matte Black,8 GB,128 GB,Yes,4.1,22999,25999,SAMSUNG Galaxy F42 5G 
vivo,Y69,Gold,3 GB,32 GB,Yes,4.3,11999,11999,vivo Y69
Apple,iPhone 8 ,Red,2 GB,64 GB,Yes,4.7,38999,39900,Apple iPhone 8 
Google Pixel,2,Clearly White,4 GB,128 GB,Yes,4.6,70000,70000,Google Pixel 2
OPPO,A15,Rainbow Silver,3 GB,32 GB,Yes,4.3,11249,11249,OPPO A15
SAMSUNG,Metro B312E Dual Sim - White,Black,10 MB,2 MB,Yes,4.4,1599,1599,SAMSUNG Metro B312E Dual Sim - White
Nokia,6.2,Ice,4 GB,64 GB,Yes,4.2,13790,13790,Nokia 6.2
ASUS,ZenFone 5Z ,Meteor Silver,6 GB,128 GB,Yes,4.5,36299,36299,ASUS ZenFone 5Z 
realme,X ,Space Blue,4 GB,,Yes,4.5,17999,17999,realme X 
Motorola,G9 Power ,Metallic Sage,4 GB,64 GB,Yes,4.1,11999,15999,Motorola G9 Power 
SAMSUNG,Galaxy Note 4 ,Frost White,3 GB,32 GB,Yes,4.1,27990,27990,SAMSUNG Galaxy Note 4 
Xiaomi,11i Hypercharge 5G,Purple Mist,6 GB,128 GB,Yes,4.2,26999,31999,Xiaomi 11i Hypercharge 5G
realme,C20 ,Cool Blue,2 GB,32 GB,Yes,4.4,7499,7999,realme C20 
SAMSUNG,Galaxy J2 Ace ,Black,1.5 GB,8 GB,Yes,4.1,8090,8090,SAMSUNG Galaxy J2 Ace 
OPPO,A55,Starry Black,6 GB,128 GB,Yes,3.8,17490,20990,OPPO A55
SAMSUNG,M52 5G,Blazing Black,6 GB,128 GB,Yes,4.3,25990,25990,SAMSUNG M52 5G
Xiaomi,Redmi Note 11T 5G,Stardust White,8 GB,129 GB,Yes,4.2,22163,22163,Xiaomi Redmi Note 11T 5G
Xiaomi,Redmi Note 7 ,Ruby Red,3 GB,32 GB,Yes,4.2,11900,11900,Xiaomi Redmi Note 7 
Apple,iPhone XS ,Space Grey,4 GB,256 GB,Yes,4.7,76999,103900,Apple iPhone XS 
SAMSUNG,Galaxy M51 ,Electric Blue,8 GB,128 GB,Yes,4.4,22999,22999,SAMSUNG Galaxy M51 
Motorola,G 3rd Generation ,White,1 GB,8 GB,Yes,4.2,11999,11999,Motorola G 3rd Generation 
OPPO,A9 2020,Space Purple,8 GB,128 GB,Yes,4.3,15990,21990,OPPO A9 2020
realme,C2 ,Diamond Ruby,3 GB,32 GB,Yes,4.4,7499,8999,realme C2 
HTC,820 G+,Milkyway Grey,1 GB,16 GB,Yes,3.9,19695,19695,HTC 820 G+
realme,Narzo 30 ,Racing Blue,6 GB,64 GB,Yes,4.3,14499,15999,realme Narzo 30 
SAMSUNG,Galaxy A22 5G ,Mint,6 GB,128 GB,Yes,4.3,19818,20969,SAMSUNG Galaxy A22 5G 
GIONEE,Elife E3 ,Blue,1 GB,16 GB,Yes,4.3,6500,6500,GIONEE Elife E3 
LG,X Screen K500I ,Black,2 GB,16 GB,Yes,4.0,7990,7990,LG X Screen K500I 
Lenovo,K9 Note ,Gold,4 GB,64 GB,Yes,4.1,11999,11999,Lenovo K9 Note 
vivo,X70 Pro ,Cosmic Black,12 GB,256 GB,Yes,4.5,52990,57990,vivo X70 Pro 
Xiaomi,9A Sport,Metallic Blue,3 GB,32 GB,Yes,4.3,8599,8999,Xiaomi 9A Sport
ASUS,ROG Phone 3 ,Black,8 GB,128 GB,Yes,4.4,46999,55999,ASUS ROG Phone 3 
OPPO,F11,Fluorite Purple,6 GB,128 GB,Yes,4.4,17990,23990,OPPO F11
Nokia,6.1 Plus ,Blue,6 GB,64 GB,Yes,4.1,11990,16999,Nokia 6.1 Plus 
realme,2,Diamond Red,3 GB,,Yes,4.5,9990,9990,realme 2
realme,C21 ,Cross Black,4 GB,64 GB,Yes,4.4,9999,10999,realme C21 
SAMSUNG,Metro XL,Black,64 MB,128 MB,Yes,4.2,3285,3285,SAMSUNG Metro XL
SAMSUNG,Galaxy Star Pro ,White,512 MB,4 GB,Yes,3.8,4199,4199,SAMSUNG Galaxy Star Pro 
ASUS,Zenfone Max ZC550KL ,Blue,3 GB,32 GB,Yes,4.1,14499,14499,ASUS Zenfone Max ZC550KL 
Nokia,5.3,CHARCOAL,6 GB,64 GB,Yes,3.7,12999,12999,Nokia 5.3
OPPO,A15s,Rainbow Silver,4 GB,128 GB,Yes,4.3,13489,13489,OPPO A15s
ASUS,Zenfone Selfie ,Silver,3 GB,16 GB,Yes,4.0,6749,6749,ASUS Zenfone Selfie 
Apple,iPhone XS Max ,Gold,4 GB,256 GB,Yes,4.6,78999,124900,Apple iPhone XS Max 
vivo,T1 5G,Starlight Black,4 GB,128 GB,Yes,,15990,19990,vivo T1 5G
GIONEE,F8 Neo ,Red,2 GB,32 GB,Yes,3.9,5666,5666,GIONEE F8 Neo 
Xiaomi,Redmi Note 5 Pro ,Gold,4 GB,64 GB,Yes,4.5,14999,14999,Xiaomi Redmi Note 5 Pro 
Apple,iPhone 12 Pro ,Gold,6 GB,128 GB,Yes,4.6,109900,109900,Apple iPhone 12 Pro 
Apple,iPhone XR ,Black,3 GB,64 GB,Yes,4.6,42999,47900,Apple iPhone XR 
SAMSUNG,Galaxy J4 Plus ,Blue,2 GB,32 GB,Yes,4.3,9000,9000,SAMSUNG Galaxy J4 Plus 
Infinix,Smart 2,Sandstone Black,2 GB,16 GB,Yes,4.1,6999,6999,Infinix Smart 2
Motorola,Edge 20 ,Frosted Pearl,8 GB,128 GB,Yes,4.4,29999,34999,Motorola Edge 20 
Apple,iPhone 13 Pro Max ,Graphite,6 GB,512 GB,Yes,,159900,159900,Apple iPhone 13 Pro Max 
OPPO,Reno3 Pro,Sky White,8 GB,128 GB,Yes,4.4,24719,25489,OPPO Reno3 Pro
vivo,Y12G ,Glacier Blue,6 GB,128 GB,Yes,4.5,15990,15990,vivo Y12G 
Motorola,X4,Super Black,3 GB,32 GB,Yes,4.3,21999,21999,Motorola X4
OPPO,A74 5G,Fantastic Purple,6 GB,128 GB,Yes,4.3,18979,18979,OPPO A74 5G
Motorola,One Vision ,Bronze Gradient,4 GB,128 GB,Yes,4.2,14999,22999,Motorola One Vision 
SAMSUNG,Galaxy Note 9 ,Metallic Copper,8 GB,512 GB,Yes,4.6,93000,93000,SAMSUNG Galaxy Note 9 
Apple,iPhone 13 Pro Max ,Sierra Blue,6 GB,512 GB,Yes,,159900,159900,Apple iPhone 13 Pro Max 
Infinix,Smart 2,Bordeaux Red ,3 GB,32 GB,Yes,4.1,7946,7999,Infinix Smart 2
vivo,Z1x,Phantom Purple,6 GB,64 GB,Yes,5.0,19990,19990,vivo Z1x
SAMSUNG,Guru E1207T,Black,,2 MB,Yes,4.1,1560,1560,SAMSUNG Guru E1207T
Nokia,130,Black,4 MB,8 MB,Yes,4.2,1600,1600,Nokia 130
Infinix,Note 5,Milan Black,3 GB,32 GB,Yes,4.2,10999,10999,Infinix Note 5
GIONEE,P5 Mini ,Gold,1 GB,8 GB,Yes,3.8,3599,3599,GIONEE P5 Mini 
Nokia,5,Matte Black,2 GB,16 GB,Yes,4.0,6999,6999,Nokia 5
OPPO,A74 5G,Fluid Black,4 GB,128 GB,Yes,,18490,18490,OPPO A74 5G
Infinix,Smart 4,Ocean Wave,2 GB,32 GB,Yes,4.4,8999,8999,Infinix Smart 4
GIONEE,P5L ,Red,1 GB,16 GB,Yes,3.7,9199,9199,GIONEE P5L 
SAMSUNG,M52 5G,Slate Black,8 GB,128 GB,Yes,4.2,22989,22989,SAMSUNG M52 5G
SAMSUNG,Galaxy J7 Nxt ,Black,2 GB,16 GB,Yes,4.4,11995,11995,SAMSUNG Galaxy J7 Nxt 
Xiaomi,Redmi K20 Pro ,Carbon Black,8 GB,256 GB,Yes,4.4,29999,29999,Xiaomi Redmi K20 Pro 
SAMSUNG,Galaxy A22 ,Black,6 GB,128 GB,Yes,4.3,17575,19499,SAMSUNG Galaxy A22 
Xiaomi,Redmi Y2 ,Blue,3 GB,32 GB,Yes,4.3,9499,9499,Xiaomi Redmi Y2 
SAMSUNG,Galaxy J7 ,Black,1.5 GB,16 GB,Yes,4.3,11700,11700,SAMSUNG Galaxy J7 
SAMSUNG,Galaxy M32 5G ,Slate Black,8 GB,128 GB,Yes,,24999,24999,SAMSUNG Galaxy M32 5G 
Apple,iPhone 7 Plus ,Rose Gold,3 GB,128 GB,Yes,4.5,42900,42900,Apple iPhone 7 Plus 
realme,C25Y ,Metal Grey,4 GB,128 GB,Yes,4.5,12049,13999,realme C25Y 
ASUS,Zenfone 4 Selfie ,Rose Pink,3 GB,32 GB,Yes,4.1,10999,10999,ASUS Zenfone 4 Selfie 
SAMSUNG,Galaxy M30 ,Black,3 GB,32 GB,Yes,4.3,10399,11000,SAMSUNG Galaxy M30 
OPPO,F15,Unicorn White,4 GB,128 GB,Yes,4.4,15990,20990,OPPO F15
vivo,Y21A,Diamond Glow,4 GB,64 GB,Yes,4.1,14449,14449,vivo Y21A
Nokia,7.2,Cyan Green,6 GB,64 GB,Yes,4.1,20999,20999,Nokia 7.2
GIONEE,Pioneer P2 ,White,512 MB,4 GB,Yes,3.6,3490,3490,GIONEE Pioneer P2 
Infinix,Note 5,Berlin Gray,4 GB,64 GB,Yes,4.2,12999,12999,Infinix Note 5
Motorola,G40 Fusion ,Dynamic Gray,6 GB,128 GB,Yes,4.3,16499,19999,Motorola G40 Fusion 
vivo,Z1 Pro,Mirror Black,4 GB,64 GB,Yes,4.5,15990,15990,vivo Z1 Pro
LG,Spirit ,Black Gold,1 GB,8 GB,Yes,3.8,8000,8000,LG Spirit 
Nokia,125 DS 2020,Black,4 MB,4 MB,Yes,3.9,2349,2349,Nokia 125 DS 2020
Lenovo,A5 ,Black,2 GB,16 GB,Yes,4.1,6999,6999,Lenovo A5 
SAMSUNG,Rex 60,Black,30 MB,Expandable Upto 16 GB,Yes,3.3,3400,3400,SAMSUNG Rex 60
realme,X2 Pro ,Lunar White,8 GB,128 GB,Yes,4.5,31999,31999,realme X2 Pro 
SAMSUNG,On5 Pro ,Black,2 GB,16 GB,Yes,4.2,6990,6990,SAMSUNG On5 Pro 
realme,C12 ,Power Blue,4 GB,64 GB,Yes,4.4,10999,10999,realme C12 
HTC,One E9+,Meteor Grey,3 GB,32 GB,Yes,3.9,38800,38800,HTC One E9+
Apple,iPhone SE ,Red,2 GB,64 GB,Yes,4.5,32999,39900,Apple iPhone SE 
LG,G8X ,Black,6 GB,128 GB,Yes,4.4,27990,70000,LG G8X 
OPPO,F5 Youth,Black,3 GB,32 GB,Yes,4.3,17990,17990,OPPO F5 Youth
SAMSUNG,Guru FM Plus,Black,,2 MB,Yes,4.2,1100,1100,SAMSUNG Guru FM Plus
Motorola,G10 Power ,Breeze Blue,4 GB,64 GB,Yes,4.1,10499,12999,Motorola G10 Power 
POCO,M4 Pro,Power Black,6 GB,128 GB,Yes,4.4,16499,19999,POCO M4 Pro
SAMSUNG,Galaxy J7 Duo ,Black,4 GB,32 GB,Yes,4.3,17962,17962,SAMSUNG Galaxy J7 Duo 
GIONEE,M7 ,Blue,6 GB,64 GB,Yes,2.7,9964,9974,GIONEE M7 
SAMSUNG,Galaxy M40 ,Midnight Blue,6 GB,128 GB,Yes,4.1,14300,14300,SAMSUNG Galaxy M40 
Nokia,110 4G,Black,128 MB,48 MB,Yes,,2997,2997,Nokia 110 4G
SAMSUNG,Galaxy F62 ,Laser Green,8 GB,128 GB,Yes,4.3,25999,31999,SAMSUNG Galaxy F62 
SAMSUNG,Galaxy Star 2 ,Iris Charcoal,512 MB,4 GB,Yes,3.9,4890,4890,SAMSUNG Galaxy Star 2 
OPPO,Ravichandran Ashwin Limited Edition,Black,4 GB,64 GB,Yes,4.4,22990,22990,OPPO Ravichandran Ashwin Limited Edition
POCO,C3 ,Lime Green,4 GB,64 GB,Yes,4.3,8999,10999,POCO C3 
SAMSUNG,Grand Prime ,Grey,1 GB,8 GB,Yes,4.0,10899,10899,SAMSUNG Grand Prime 
Apple,iPhone 8 Plus ,Gold,3 GB,256 GB,Yes,4.6,84900,84900,Apple iPhone 8 Plus 
ASUS,Zenfone Zoom ,Black,4 GB,128 GB,Yes,3.6,37999,37999,ASUS Zenfone Zoom 
Nokia,150 DS 2020,Black,4 MB,4 MB,Yes,4.1,2440,2510,Nokia 150 DS 2020
OPPO,A16,White,3 GB,32 GB,Yes,3.7,10490,10490,OPPO A16
Google Pixel,3a ,Just Black,4 GB,64 GB,Yes,4.5,39999,39999,Google Pixel 3a 
Nokia,105,Black,4 MB,4 MB,Yes,4.3,1000,1000,Nokia 105
SAMSUNG,Z4 ,Gold,1 GB,8 GB,Yes,3.5,6200,6200,SAMSUNG Z4 
Apple,iPhone 11 Pro ,Gold,4GB,512 GB,Yes,4.6,140300,140300,Apple iPhone 11 Pro 
SAMSUNG,Galaxy M30s ,White,4 GB,64 GB,Yes,4.3,14990,14990,SAMSUNG Galaxy M30s 
realme,6i ,Eclipse Black,6 GB,,Yes,4.4,13999,15999,realme 6i 
Apple,iPhone 6 Plus ,Space Grey,1 GB,64 GB,Yes,4.5,48999,48999,Apple iPhone 6 Plus 
Nokia,2.1,Black,1 GB,8 GB,Yes,4.0,6500,6500,Nokia 2.1
realme,9 Pro+ 5G,Midnight Black,6 GB,128 GB,Yes,4.4,24999,27999,realme 9 Pro+ 5G
SAMSUNG,Galaxy M31s ,Mirage Black,6 GB,128 GB,Yes,4.3,19725,19725,SAMSUNG Galaxy M31s 
realme,Narzo 50i ,Carbon Black,2 GB,32 GB,Yes,4.4,7499,7999,realme Narzo 50i 
Apple,iPhone 13 Pro Max,Gold,4GB,128 GB,Yes,4.7,129900,129900,Apple iPhone 13 Pro Max
SAMSUNG,Galaxy A6 ,Black,4 GB,64 GB,Yes,4.3,23748,23748,SAMSUNG Galaxy A6 
SAMSUNG,Galaxy A32 ,Awesome Blue,8 GB,128 GB,Yes,4.4,22910,23900,SAMSUNG Galaxy A32 
Apple,iPhone 6s ,Silver,2 GB,32 GB,Yes,4.5,25299,29900,Apple iPhone 6s 
Nokia,C01 Plus ,Blue,2 GB,16 GB,Yes,,6499,6499,Nokia C01 Plus 
realme,C3 ,Frozen Blue,4 GB,64 GB,Yes,4.4,10999,10999,realme C3 
Xiaomi,Redmi Note 5 ,Black,4 GB,64 GB,Yes,4.3,10999,11499,Xiaomi Redmi Note 5 
GIONEE,F9 Plus ,Black,3 GB,32 GB,Yes,4.1,9490,9490,GIONEE F9 Plus 
ASUS,6Z ,Matte Black,8 GB,256 GB,Yes,4.3,43999,43999,ASUS 6Z 
SAMSUNG,Galaxy A30s ,Prism Crush Violet,4 GB,128 GB,Yes,4.3,19900,19900,SAMSUNG Galaxy A30s 
SAMSUNG,Galaxy A51 ,Prism Crush White,8 GB,128 GB,Yes,4.3,22499,29999,SAMSUNG Galaxy A51 
Lenovo,A850 ,White,1 GB,4 GB,Yes,4.1,15999,15999,Lenovo A850 
Motorola,X 2nd Generation ,Black,2 GB,16 GB,Yes,4.2,14500,14500,Motorola X 2nd Generation 
vivo,V23 Pro 5G,Stardust Black,12 GB,256 GB,Yes,4.1,43990,45990,vivo V23 Pro 5G
vivo,Y1S ,Aurora Blue,8 GB,128 GB,Yes,4.4,13890,13990,vivo Y1S 
SAMSUNG,Galaxy S6 Edge ,White Pearl,3 GB,32 GB,Yes,4.0,44900,44900,SAMSUNG Galaxy S6 Edge 
vivo,V23 5G,Stardust Black,8 GB,128 GB,Yes,4.4,29990,34990,vivo V23 5G
Apple,iPhone 8 ,Red,2 GB,64 GB,Yes,4.7,38999,39900,Apple iPhone 8 
LG,W41 ,MAGIC BLUE,4 GB,64 GB,Yes,4.0,10499,10499,LG W41 
realme,Narzo 50A ,Oxygen Blue,4 GB,64 GB,Yes,4.4,11499,12999,realme Narzo 50A 
Apple,iPhone XR ,Red,3 GB,128 GB,Yes,4.6,47999,52900,Apple iPhone XR 
SAMSUNG,Metro 350,Black,46 MB,64 MB,Yes,3.6,3200,3200,SAMSUNG Metro 350
SAMSUNG,B351E/Metro 350,Black,32 MB,2 MB,Yes,4.2,2980,2980,SAMSUNG B351E/Metro 350
Lenovo,Vibe P1 Turbo ,Silver,3 GB,32 GB,Yes,3.7,7650,7650,Lenovo Vibe P1 Turbo 
SAMSUNG,Galaxy M11 ,Black,3 GB,32 GB,Yes,4.2,11744,11749,SAMSUNG Galaxy M11 
Motorola,G9 ,Forest Green,4 GB,64 GB,Yes,4.2,10999,14999,Motorola G9 
Apple,iPhone 6 ,Gold,1 GB,32 GB,Yes,4.4,30780,30780,Apple iPhone 6 
ASUS,ROG Phone 5 ,White,12 GB,256 GB,Yes,4.5,57999,63999,ASUS ROG Phone 5 
realme,8 5G ,Supersonic Black,4 GB,64 GB,Yes,4.3,15499,15999,realme 8 5G 
Nokia,7.2,Charcoal,6 GB,64 GB,Yes,4.1,20999,20999,Nokia 7.2
SAMSUNG,Galaxy Note 10 Plus ,Aura Glow,12 GB,512 GB,Yes,4.6,95000,95000,SAMSUNG Galaxy Note 10 Plus 
Xiaomi,Redmi Note 7 ,Ruby Red,4 GB,64 GB,Yes,4.1,13399,14399,Xiaomi Redmi Note 7 
SAMSUNG,Galaxy A12 ,Black,6 GB,128 GB,Yes,3.9,14999,14999,SAMSUNG Galaxy A12 
OPPO,A37f,Grey,2 GB,16 GB,Yes,4.2,10000,10000,OPPO A37f
SAMSUNG,Galaxy S7 Edge ,Silver Titanium,4 GB,32 GB,Yes,4.4,41900,41900,SAMSUNG Galaxy S7 Edge 
SAMSUNG,Galaxy S4 ,White Frost,2 GB,16 GB,Yes,3.9,40690,40690,SAMSUNG Galaxy S4 
ASUS,Zenfone Go 2nd Gen,Yellow,1 GB,8 GB,Yes,3.7,5299,5299,ASUS Zenfone Go 2nd Gen
SAMSUNG,Galaxy Z Fold3 5G ,Phantom Green,12 GB,256 GB,Yes,4.4,149999,171999,SAMSUNG Galaxy Z Fold3 5G 
SAMSUNG,Galaxy A52 ,Awesome White,8 GB,128 GB,Yes,4.4,28999,31999,SAMSUNG Galaxy A52 
SAMSUNG,Galaxy A10 ,Blue,2 GB,32 GB,Yes,4.3,7990,8700,SAMSUNG Galaxy A10 
Apple,iPhone 7 ,Rose Gold,2 GB,32 GB,Yes,4.5,24999,31500,Apple iPhone 7 
realme,Narzo 30 Pro 5G ,Sword Black,6 GB,64 GB,Yes,4.3,16999,18999,realme Narzo 30 Pro 5G 
SAMSUNG,Galaxy J2 Pro ,Gold,2 GB,16 GB,Yes,4.2,8200,8200,SAMSUNG Galaxy J2 Pro 
SAMSUNG,Galaxy S9 Plus ,Midnight Black,6 GB,64 GB,Yes,4.5,70000,70000,SAMSUNG Galaxy S9 Plus 
vivo,Y20 T,Purist Blue,6 GB,64 GB,Yes,4.3,15490,15490,vivo Y20 T
realme,X3 SuperZoom ,Glacier Blue,12 GB,,Yes,4.2,32999,34999,realme X3 SuperZoom 
LG,G4 ,Genuine Leather Black,3 GB,32 GB,Yes,4.0,35990,35990,LG G4 
OPPO,Reno4 Pro,Starry Night,8 GB,128 GB,Yes,4.4,34990,37990,OPPO Reno4 Pro
Xiaomi,Redmi Note 9 Pro ,Champagne Gold,4 GB,64 GB,Yes,4.3,14999,14999,Xiaomi Redmi Note 9 Pro 
Xiaomi,Redmi Y2 ,Black,4 GB,64 GB,Yes,4.3,10999,10999,Xiaomi Redmi Y2 
Apple,iPhone 12 Mini ,Red,4GB,256 GB,Yes,4.5,71999,74900,Apple iPhone 12 Mini 
Lenovo,A2010 ,Black,1 GB,8 GB,Yes,3.9,5490,5490,Lenovo A2010 
Apple,iPhone 13 Pro ,Sierra Blue,6 GB,512 GB,Yes,,149900,149900,Apple iPhone 13 Pro 
SAMSUNG,Metro 350,Black,32 MB,Expandable Upto 16 GB,Yes,4.1,2940,2940,SAMSUNG Metro 350
SAMSUNG,Galaxy F02s ,Diamond White,3 GB,32 GB,Yes,4.2,9499,10499,SAMSUNG Galaxy F02s 
Lenovo,A6 Note ,Black,3 GB,32 GB,Yes,4.2,9999,9999,Lenovo A6 Note 
SAMSUNG,Galaxy M01s ,Light Blue,3 GB,32 GB,Yes,4.2,10999,10999,SAMSUNG Galaxy M01s 
realme,Narzo 20A ,Glory Silver,4 GB,64 GB,Yes,4.4,9499,11999,realme Narzo 20A 
Infinix,Note 10,Purple,4 GB,64 GB,Yes,4.2,10999,13999,Infinix Note 10
LG,G3 Beat ,White,1 GB,8 GB,Yes,3.8,15999,15999,LG G3 Beat 
Infinix,Note 4,Milan Black,3 GB,32 GB,Yes,4.2,8999,8999,Infinix Note 4
vivo,Y20G 2021 ,Obsidian Black,6 GB,128 GB,Yes,4.3,29990,34990,vivo Y20G 2021 
Xiaomi,Redmi 5 ,Lake Blue,3 GB,32 GB,Yes,4.2,8990,8990,Xiaomi Redmi 5 
Xiaomi,11i 5G,Purple Mist,8 GB,128 GB,Yes,4.3,28999,33999,Xiaomi 11i 5G
Apple,iPhone 12 Mini ,White,4GB,64 GB,Yes,4.5,56999,59900,Apple iPhone 12 Mini 
SAMSUNG,Galaxy S9 ,Lilac Purple,4 GB,128 GB,Yes,4.4,39900,39900,SAMSUNG Galaxy S9 
Apple,iPhone 13 ,Green,4GB,512 GB,Yes,4.7,104900,109900,Apple iPhone 13 
Infinix,Smart 4 Plus,Midnight Black,3 GB,32 GB,Yes,4.4,9999,9999,Infinix Smart 4 Plus
Infinix,Hot 10S,Black,4 GB,64 GB,Yes,4.3,9999,12999,Infinix Hot 10S
Apple,iPhone 6s Plus ,Gold,2 GB,16 GB,Yes,4.4,49999,49999,Apple iPhone 6s Plus 
Xiaomi,Redmi Note 5 ,Rose Gold,3 GB,32 GB,Yes,4.4,9998,9998,Xiaomi Redmi Note 5 
ASUS,Zenfone Selfie ,Gold,3 GB,16 GB,Yes,4.0,9999,9999,ASUS Zenfone Selfie 
Nokia,110 TA-1302 DS,Black,4 MB,4 MB,Yes,4.1,1695,1695,Nokia 110 TA-1302 DS
Apple,iPhone 8 Plus ,Red,3 GB,256 GB,Yes,4.6,59900,59900,Apple iPhone 8 Plus 
Apple,iPhone 7 Plus ,Black,3 GB,128 GB,Yes,4.5,42900,42900,Apple iPhone 7 Plus 
Lenovo,S660 ,Gold,1 GB,8 GB,Yes,4.0,14999,14999,Lenovo S660 
OPPO,A16,Pearl Blue,4 GB,64 GB,Yes,,13850,13850,OPPO A16
Nokia,130,Black,4 MB,2 MB,Yes,4.2,1600,1600,Nokia 130
Infinix,Smart 5A,Ocean Wave,2 GB,32 GB,Yes,4.4,7199,7999,Infinix Smart 5A
Nokia,C01 Plus ,Blue,2 GB,16 GB,Yes,,6499,6499,Nokia C01 Plus 
SAMSUNG,Galaxy On6 ,Black,4 GB,64 GB,Yes,4.3,17600,17600,SAMSUNG Galaxy On6 
SAMSUNG,Galaxy Grand Neo Plus ,Midnight Black,1 GB,8 GB,Yes,4.0,5999,5999,SAMSUNG Galaxy Grand Neo Plus 
Apple,iPhone 6 ,Space Grey,1 GB,32 GB,Yes,4.4,30780,30780,Apple iPhone 6 
Apple,iPhone 11 ,Red,4GB,64 GB,Yes,4.6,49900,49900,Apple iPhone 11 
SAMSUNG,Galaxy Fold 2 ,Mystic Black,12 GB,256 GB,Yes,3.0,149999,189999,SAMSUNG Galaxy Fold 2 
OPPO,A54,Crystal Black,4 GB,128 GB,Yes,4.3,15990,15990,OPPO A54
SAMSUNG,Galaxy F22 ,Denim Black,6 GB,128 GB,Yes,4.3,14999,16999,SAMSUNG Galaxy F22 
SAMSUNG,Galaxy S10 Lite ,Prism White,8 GB,128 GB,Yes,4.5,40999,43999,SAMSUNG Galaxy S10 Lite 
OPPO,A5 2020,Mirror Black,3 GB,64 GB,Yes,4.4,14990,14990,OPPO A5 2020
Apple,iPhone XS ,Space Grey,4 GB,256 GB,Yes,4.7,76999,103900,Apple iPhone XS 
realme,6 Pro ,Lightning Orange,6 GB,128 GB,Yes,4.4,18999,18999,realme 6 Pro 
SAMSUNG,Galaxy S20 Ultra ,Cosmic Gray,12 GB,128 GB,Yes,4.2,103000,103000,SAMSUNG Galaxy S20 Ultra 
vivo,S1,Diamond Black,6 GB,128 GB,Yes,4.4,22990,22990,vivo S1
SAMSUNG,Galaxy A21s ,Black,6 GB,64 GB,Yes,4.2,15199,15380,SAMSUNG Galaxy A21s 
SAMSUNG,Galaxy Note10 Lite ,Aura Glow,6 GB,128 GB,Yes,4.3,37999,43000,SAMSUNG Galaxy Note10 Lite 
realme,GT Master Edition ,Cosmos Black,6 GB,128 GB,Yes,4.1,25999,26999,realme GT Master Edition 
realme,GT Neo 2,Neo Black,8 GB,128 GB,Yes,4.4,31999,34999,realme GT Neo 2
Apple,iPhone 13 Pro Max,Graphite,4GB,256 GB,Yes,4.7,139900,139900,Apple iPhone 13 Pro Max
Apple,iPhone 12 ,Purple,4GB,64 GB,Yes,4.6,63999,79900,Apple iPhone 12 
Apple,iPhone 6 ,Gold,1 GB,128 GB,Yes,4.4,49999,49999,Apple iPhone 6 
realme,1,Black,4 GB,,Yes,4.4,10990,14990,realme 1
LG,V30+ ,Black,4 GB,128 GB,Yes,4.3,29999,29999,LG V30+ 
Xiaomi,Redmi Y2 ,Black,3 GB,32 GB,Yes,4.3,9478,9478,Xiaomi Redmi Y2 
GIONEE,F103 3Gb Version ,Black,3 GB,16 GB,Yes,3.5,7999,7999,GIONEE F103 3Gb Version 
SAMSUNG,Galaxy C7 Pro ,Navy Blue,4 GB,64 GB,Yes,4.4,26600,26600,SAMSUNG Galaxy C7 Pro 
GIONEE,Max ,Black,2 GB,32 GB,Yes,4.1,6299,7990,GIONEE Max 
OPPO,A1K,Black,2 GB,32 GB,Yes,4.3,7990,10990,OPPO A1K
SAMSUNG,On7 Pro ,Black,2 GB,16 GB,Yes,4.1,6549,9490,SAMSUNG On7 Pro 
Infinix,Note 11 ,Graphite Black,6 GB,128 GB,Yes,4.5,14499,16999,Infinix Note 11 
POCO,M3 ,Cool Blue,4 GB,64 GB,Yes,4.3,10999,11999,POCO M3 
OPPO,A15S,Fancy White,4 GB,64 GB,Yes,4.3,12889,12989,OPPO A15S
GIONEE,S6S ,Mocha Gold,3 GB,32 GB,Yes,4.0,15999,15999,GIONEE S6S 
Xiaomi,Mi A3 ,Not just Blue,4 GB,64 GB,Yes,,12990,14989,Xiaomi Mi A3 
Infinix,Zero 5 Pro,Bronze Gold Black,6 GB,128 GB,Yes,4.3,19999,19999,Infinix Zero 5 Pro
SAMSUNG,Guru FM Plus SM-B110E/D,Black,,2 MB,Yes,4.3,1448,1661,SAMSUNG Guru FM Plus SM-B110E/D
SAMSUNG,Galaxy Z Fold3 5G ,Phantom Black,12 GB,512 GB,Yes,4.4,157999,179999,SAMSUNG Galaxy Z Fold3 5G 
Nokia,6,Silver,3 GB,32 GB,Yes,3.9,7999,7999,Nokia 6
Xiaomi,Redmi Note 6 Pro ,Blue,4 GB,64 GB,Yes,4.4,12999,12999,Xiaomi Redmi Note 6 Pro 
SAMSUNG,Galaxy M02 ,Grey,2 GB,32 GB,Yes,4.0,8289,8289,SAMSUNG Galaxy M02 
Lenovo,Sisley S60 ,White,2 GB,8 GB,Yes,3.5,13999,13999,Lenovo Sisley S60 
realme,GT Master Edition ,Voyager Grey,8 GB,256 GB,Yes,4.3,29999,29999,realme GT Master Edition 
Nokia,8110 4G,Black,512 MB,4 GB,Yes,3.7,6699,6699,Nokia 8110 4G
OPPO,F17,Navy Blue,6 GB,128 GB,Yes,4.2,16990,20990,OPPO F17
realme,GT Master Edition ,Daybreak Blue,8 GB,128 GB,Yes,4.4,27999,29999,realme GT Master Edition 
Google Pixel,3,Clearly White,4 GB,64 GB,Yes,4.5,71000,71000,Google Pixel 3
realme,8i ,Space Purple,4 GB,64 GB,Yes,,13999,15999,realme 8i 
realme,5i ,Aqua Blue,4 GB,128 GB,Yes,4.5,11999,11999,realme 5i 
Motorola,Quench X T3,Black,512 MB,16 GB,Yes,2.4,14939,14939,Motorola Quench X T3
OPPO,F7,Red,6 GB,128 GB,Yes,4.5,27990,27990,OPPO F7
GIONEE,P7 ,White,2 GB,16 GB,Yes,3.8,4990,4990,GIONEE P7 
SAMSUNG,Galaxy S20 FE ,Cloud Navy,8 GB,128 GB,Yes,4.0,49999,65999,SAMSUNG Galaxy S20 FE 
SAMSUNG,M52 5G,Icy Blue,8 GB,128 GB,Yes,4.3,27239,31489,SAMSUNG M52 5G
Motorola,G,Black,1 GB,16 GB,Yes,4.4,9999,9999,Motorola G
Apple,iPhone 7 Plus ,Jet Black,3 GB,256 GB,Yes,4.5,85400,85400,Apple iPhone 7 Plus 
Xiaomi,Redmi Note 7 ,Onyx Black,4 GB,64 GB,Yes,4.3,11748,12690,Xiaomi Redmi Note 7 
Apple,iPhone 11 Pro ,Silver,4GB,256 GB,Yes,4.6,121300,121300,Apple iPhone 11 Pro 
Xiaomi,REDMI 9 Prime ,Sunrise Flare,4 GB,128 GB,Yes,4.3,13999,13999,Xiaomi REDMI 9 Prime 
SAMSUNG,Galaxy J2 Pro ,Silver,2 GB,16 GB,Yes,4.2,8200,8200,SAMSUNG Galaxy J2 Pro 
SAMSUNG,Galaxy M31 ,Iceberg blue,6 GB,128 GB,Yes,4.3,17989,17989,SAMSUNG Galaxy M31 
SAMSUNG,Galaxy Z Fold3 5G ,Phantom Black,12 GB,512 GB,Yes,4.4,157999,179999,SAMSUNG Galaxy Z Fold3 5G 
SAMSUNG,Galaxy S21 Plus ,Phantom Black,8 GB,128 GB,Yes,4.4,71999,100999,SAMSUNG Galaxy S21 Plus 
realme,X2 ,Pearl Green,8 GB,256 GB,Yes,4.5,24999,24999,realme X2 
Infinix,Hot 11,Emerald Green,4 GB,64 GB,Yes,4.4,9999,11999,Infinix Hot 11
SAMSUNG,Galaxy Grand Neo ,White,1 GB,8 GB,Yes,3.8,13500,13500,SAMSUNG Galaxy Grand Neo 
vivo,X60 Pro,Shimmer Blue,12 GB,256 GB,Yes,5.0,48780,48780,vivo X60 Pro
Nokia,222,Black,16 MB,Expandable Upto 32 GB,Yes,4.1,2860,2860,Nokia 222
SAMSUNG,Galaxy A50s ,Prism Crush Black,6 GB,128 GB,Yes,4.3,21099,26900,SAMSUNG Galaxy A50s 
SAMSUNG,Galaxy J2 2018 ,Gold,2 GB,16 GB,Yes,4.3,7500,7500,SAMSUNG Galaxy J2 2018 
Apple,iPhone XR ,White,3 GB,256 GB,Yes,4.6,91900,91900,Apple iPhone XR 
Lenovo,Vibe K5 Note ,Grey,3 GB,32 GB,Yes,4.1,10999,10999,Lenovo Vibe K5 Note 
Infinix,Hot 4 Pro,Bordeaux Red ,3 GB,16 GB,Yes,4.0,7499,7499,Infinix Hot 4 Pro
SAMSUNG,Galaxy E7 ,Blue,2 GB,16 GB,Yes,4.3,18340,18340,SAMSUNG Galaxy E7 
SAMSUNG,Galaxy S21 ,Phantom Gray,8 GB,256 GB,Yes,4.3,73999,87999,SAMSUNG Galaxy S21 
Lenovo,A6600 Plus ,White,2 GB,16 GB,Yes,3.9,6266,6266,Lenovo A6600 Plus 
Xiaomi,Redmi Note 4 ,Black,4 GB,64 GB,Yes,4.5,9999,9999,Xiaomi Redmi Note 4 
SAMSUNG,Galaxy M21 ,Iceberg Blue,4 GB,64 GB,Yes,4.3,13760,13760,SAMSUNG Galaxy M21 
Lenovo,K10 Note ,Black,4 GB,64 GB,Yes,4.1,16999,16999,Lenovo K10 Note 
Apple,iPhone XR ,Black,3 GB,64 GB,Yes,4.6,42999,47900,Apple iPhone XR 
Nokia,9,Blue,6 GB,128 GB,Yes,3.8,56299,56299,Nokia 9
OPPO,Reno7 Pro 5G,Startrails Blue,12 GB,256 GB,Yes,4.2,39999,47990,OPPO Reno7 Pro 5G
SAMSUNG,B351E/Metro 350,Black,32 MB,2 MB,Yes,4.2,2870,2870,SAMSUNG B351E/Metro 350
ASUS,Zenfone Go ,Silver,1 GB,8 GB,Yes,3.8,5299,5299,ASUS Zenfone Go 
realme,Narzo 50i ,Mint Green,2 GB,32 GB,Yes,4.4,7499,7999,realme Narzo 50i 
Nokia,C20 Plus ,Blue,2 GB,32 GB,Yes,4.4,8999,10499,Nokia C20 Plus 
realme,C2 ,Diamond Black,2 GB,16 GB,Yes,4.4,6499,6999,realme C2 
ASUS,Zenfone Go 5.0 LTE 2nd Gen ,Black,2 GB,16 GB,Yes,3.6,4999,4999,ASUS Zenfone Go 5.0 LTE 2nd Gen 
LG,W30 Pro ,Midnight Purple,4 GB,64 GB,Yes,3.8,13998,13998,LG W30 Pro 
OPPO,F19s,Glowing Gold,6 GB,128 GB,Yes,,19990,22990,OPPO F19s
LG,K8 ,Black & Blue,2 GB,16 GB,Yes,3.8,5699,5699,LG K8 
vivo,Y20A 2021 ,Dawn White,3 GB,64 GB,Yes,4.4,29990,32990,vivo Y20A 2021 
Apple,iPhone 12 Pro Max ,Silver,,512 GB,Yes,4.6,149900,149900,Apple iPhone 12 Pro Max 
Apple,iPhone 11 Pro ,Space Grey,4GB,256 GB,Yes,4.6,99900,121300,Apple iPhone 11 Pro 
OPPO,A53,Moonlight Black,6 GB,128 GB,Yes,4.3,13990,17990,OPPO A53
realme,X2 ,Pearl White,4 GB,,Yes,4.5,17999,17999,realme X2 
Motorola,G6 Play,Indigo Black,3 GB,32 GB,Yes,4.1,12999,12999,Motorola G6 Play
LG,Q6 ,Black,3 GB,32 GB,Yes,4.0,16990,16990,LG Q6 
Xiaomi,Redmi Note 9 Pro ,Aurora Blue,4 GB,64 GB,Yes,4.3,15990,16999,Xiaomi Redmi Note 9 Pro 
realme,9 Pro 5G,Sunrise Blue ,6 GB,128 GB,Yes,4.4,17999,21999,realme 9 Pro 5G
Nokia,125 DS,Black,4 MB,4 MB,Yes,3.8,2249,2249,Nokia 125 DS
Google Pixel,3,Clearly White,4 GB,128 GB,Yes,4.5,80000,80000,Google Pixel 3
LG,Q7+ ,Lavender Violet,4 GB,64 GB,Yes,3.2,21001,21001,LG Q7+ 
SAMSUNG,Galaxy A30s ,Prism Crush Violet,4 GB,64 GB,Yes,4.3,18900,18900,SAMSUNG Galaxy A30s 
Apple,iPhone X ,Space Gray,3 GB,256 GB,Yes,4.6,106900,106900,Apple iPhone X 
Google Pixel,2,Just Black,4 GB,64 GB,Yes,4.6,61000,61000,Google Pixel 2
realme,Narzo 20 ,Victory Blue,4 GB,64 GB,Yes,4.3,10499,12999,realme Narzo 20 
POCO,M4 Pro,Power Black,8 GB,128 GB,Yes,4.4,17999,21999,POCO M4 Pro
HTC,U11+ ,Amazing Silver,6 GB,128 GB,Yes,4.7,56990,56990,HTC U11+ 
Infinix,Hot 10 Play,Aegean Blue,4 GB,64 GB,Yes,4.3,9299,10999,Infinix Hot 10 Play
ASUS,ZenFone Max Pro M2 ,Blue,6 GB,64 GB,Yes,4.3,19999,19999,ASUS ZenFone Max Pro M2 
vivo,X70 Pro ,Aurora Dawn,8 GB,128 GB,Yes,4.5,46990,51990,vivo X70 Pro 
SAMSUNG,Galaxy J2 Pro ,Black,2 GB,16 GB,Yes,4.2,8200,8200,SAMSUNG Galaxy J2 Pro 
SAMSUNG,Galaxy A10s ,Green,3 GB,32 GB,Yes,4.3,11000,11000,SAMSUNG Galaxy A10s 
SAMSUNG,Galaxy S9 ,Midnight Black,4 GB,64 GB,Yes,4.4,62500,62500,SAMSUNG Galaxy S9 
Xiaomi,Redmi Y2 ,Dark Grey,4 GB,64 GB,Yes,4.3,10888,10888,Xiaomi Redmi Y2 
Infinix,Note 11S,Mithril Grey,6 GB,64 GB,Yes,4.3,13999,16999,Infinix Note 11S
realme,9 5G,Stargaze White,4 GB,64 GB,Yes,4.5,14999,18999,realme 9 5G
Apple,iPhone 13 ,Red,4GB,256 GB,Yes,,89900,89900,Apple iPhone 13 
Infinix,Zero 5,Champagne Gold,6 GB,64 GB,Yes,4.3,17999,17999,Infinix Zero 5
IQOO,3,Tornado Black,8 GB,128 GB,Yes,4.4,34990,37990,IQOO 3
ASUS,Zenfone Go 2nd Gen,White,1 GB,8 GB,Yes,3.7,5299,5299,ASUS Zenfone Go 2nd Gen
realme,8,Cyber Black,4 GB,128 GB,Yes,4.3,15999,16999,realme 8
Apple,iPhone 12 Mini ,Black,4GB,256 GB,Yes,4.5,71999,74900,Apple iPhone 12 Mini 
realme,X2 ,Pearl White,8 GB,128 GB,Yes,4.5,20999,20999,realme X2 
LG,G7 ThinQ ,Platinum,4 GB,64 GB,Yes,4.4,50000,50000,LG G7 ThinQ 
SAMSUNG,Galaxy A9 ,Lemonade Blue,8 GB,128 GB,Yes,4.3,39000,39000,SAMSUNG Galaxy A9 
GIONEE,Elife E7 Mini ,White,1 GB,16 GB,Yes,3.8,9999,9999,GIONEE Elife E7 Mini 
Apple,iPhone 11 ,Yellow,4GB,64 GB,Yes,4.6,49900,49900,Apple iPhone 11 
Apple,iPhone 13 Pro ,Graphite,6 GB,512 GB,Yes,,149900,149900,Apple iPhone 13 Pro 
POCO,C31,Shadow Grey,4 GB,64 GB,Yes,4.4,8999,11999,POCO C31
OPPO,A53s 5G,Crystal Blue,8 GB,128 GB,Yes,4.3,17990,18990,OPPO A53s 5G
Lenovo,A5000 ,Black,1 GB,8 GB,Yes,4.0,6499,6499,Lenovo A5000 
realme,5s ,Crystal Blue,4 GB,128 GB,Yes,4.5,11999,12999,realme 5s 
Apple,iPhone 6 ,Silver,1 GB,128 GB,Yes,4.4,71500,71500,Apple iPhone 6 
POCO,F1,Rosso Red,8 GB,256 GB,Yes,4.5,30999,30999,POCO F1
Nokia,225 4G DS 2020,Black,64 MB,128 MB,Yes,3.7,3899,4399,Nokia 225 4G DS 2020
SAMSUNG,Galaxy M21 ,Raven Black,6 GB,128 GB,Yes,4.2,15499,15499,SAMSUNG Galaxy M21 
SAMSUNG,Galaxy M21 2021 Edition ,Arctic Blue,4 GB,64 GB,Yes,,13899,13990,SAMSUNG Galaxy M21 2021 Edition 
Xiaomi,Redmi Note 9 Pro ,Interstellar Black,4 GB,128 GB,Yes,,17990,17990,Xiaomi Redmi Note 9 Pro 
SAMSUNG,Galaxy A12 ,Black,6 GB,128 GB,Yes,3.9,16499,17999,SAMSUNG Galaxy A12 
Xiaomi,Mi A2 ,Red,6 GB,128 GB,Yes,4.4,14443,14443,Xiaomi Mi A2 
LG,K10 2017 ,Black,2 GB,16 GB,Yes,4.1,9000,9000,LG K10 2017 
Nokia,3.2,Black,3 GB,32 GB,Yes,4.1,10499,10999,Nokia 3.2
OPPO,A9,Marble Green,4 GB,128 GB,Yes,4.4,12990,16990,OPPO A9
Nokia,5.1 Plus ,Black,3 GB,32 GB,Yes,4.3,13199,13199,Nokia 5.1 Plus 
POCO,F3 GT,Predator Black,8 GB,128 GB,Yes,4.3,28999,34999,POCO F3 GT
Apple,iPhone SE ,White,2 GB,256 GB,Yes,4.5,54900,54900,Apple iPhone SE 
SAMSUNG,Galaxy A5-2017 ,Gold Sand,3 GB,32 GB,Yes,4.1,22900,22900,SAMSUNG Galaxy A5-2017 
realme,X7 Max,Mercury Silver,8 GB,128 GB,Yes,4.4,26999,29999,realme X7 Max
Apple,iPhone SE ,Black,2 GB,64 GB,Yes,4.5,32999,39900,Apple iPhone SE 
OPPO,Rohit Sharma Limited Edition,Black,4 GB,64 GB,Yes,4.4,22990,22990,OPPO Rohit Sharma Limited Edition
realme,X3 SuperZoom ,Glacier Blue,8 GB,256 GB,Yes,4.3,29999,31999,realme X3 SuperZoom 
Infinix,Hot S3,Sandstone Black,3 GB,32 GB,Yes,4.2,9999,9999,Infinix Hot S3
Apple,iPhone SE ,White,2 GB,256 GB,Yes,4.5,54900,54900,Apple iPhone SE 
Apple,iPhone 12 Mini ,Purple,4GB,256 GB,Yes,4.5,71999,74900,Apple iPhone 12 Mini 
vivo,Y1S ,Olive Black,8 GB,128 GB,Yes,4.3,13890,13990,vivo Y1S 
Lenovo,A1000 ,White,1 GB,8 GB,Yes,3.8,3549,3549,Lenovo A1000 
realme,X50 Pro ,Rust Red,8 GB,128 GB,Yes,4.3,41999,41999,realme X50 Pro 
SAMSUNG,Galaxy M02 ,Black,2 GB,32 GB,Yes,4.0,8229,8229,SAMSUNG Galaxy M02 
Apple,iPhone 6s Plus ,Silver,2 GB,128 GB,Yes,4.4,70000,70000,Apple iPhone 6s Plus 
ASUS,ZenFone Max M2 ,Black,3 GB,32 GB,Yes,4.3,12999,12999,ASUS ZenFone Max M2 
Nokia,5,Matte Black,3 GB,16 GB,Yes,4.1,12499,12499,Nokia 5
Nokia,C20 Plus ,Grey,3 GB,32 GB,Yes,3.8,9999,11099,Nokia C20 Plus 
LG,L 80 Dual ,White,1 GB,4 GB,Yes,3.7,14162,14162,LG L 80 Dual 
SAMSUNG,On5 Pro ,Gold,2 GB,16 GB,Yes,4.2,6480,7990,SAMSUNG On5 Pro 
Lenovo,K8 Plus ,Fine Gold,4 GB,32 GB,Yes,4.1,11999,11999,Lenovo K8 Plus 
realme,Narzo 50A ,Oxygen Green,4 GB,128 GB,Yes,4.4,12499,13999,realme Narzo 50A 
SAMSUNG,Galaxy Note 5 ,Black Sapphire,4 GB,32 GB,Yes,3.9,30495,30495,SAMSUNG Galaxy Note 5 
realme,1,Diamond Red,4 GB,64 GB,Yes,4.4,9490,9490,realme 1
GIONEE,A1 Plus ,Black,4 GB,64 GB,Yes,4.1,16499,16499,GIONEE A1 Plus 
SAMSUNG,Galaxy S21 ,Phantom Violet,8 GB,128 GB,Yes,4.3,69999,83999,SAMSUNG Galaxy S21 
realme,7,Mist White,6 GB,64 GB,Yes,4.3,14999,17999,realme 7
Motorola,E7 Power ,Coral Red,4 GB,64 GB,Yes,4.1,8799,11999,Motorola E7 Power 
OPPO,A83,Champagne,3 GB,32 GB,Yes,4.4,14995,14995,OPPO A83
vivo,Y21A,Midnight Blue,4 GB,64 GB,Yes,4.1,14449,14449,vivo Y21A
realme,X3 SuperZoom ,Glacier Blue,12 GB,256 GB,Yes,4.2,32999,34999,realme X3 SuperZoom 
LG,K10 2017 ,Gold & Black,2 GB,16 GB,Yes,4.1,9990,9990,LG K10 2017 
ASUS,6Z ,Black,6 GB,64 GB,Yes,4.3,35999,35999,ASUS 6Z 
Motorola,G4 Plus,Black,2 GB,16 GB,Yes,4.0,6999,13499,Motorola G4 Plus
Nokia,8.1,Iron,6 GB,128 GB,Yes,4.3,21999,31999,Nokia 8.1
SAMSUNG,Galaxy J1 ,Blue,512 MB,4 GB,Yes,4.0,7454,7454,SAMSUNG Galaxy J1 
vivo,X50  ,Frost Blue,8 GB,128 GB,Yes,4.3,39990,39990,vivo X50  
realme,Narzo 10 ,That Blue,4 GB,128 GB,Yes,4.5,11999,12999,realme Narzo 10 
Nokia,3.1 Plus ,White,3 GB,32 GB,Yes,4.2,7399,7399,Nokia 3.1 Plus 
SAMSUNG,Galaxy M21 ,Iceberg Blue,6 GB,128 GB,Yes,4.2,15990,15990,SAMSUNG Galaxy M21 
SAMSUNG,Galaxy S7 Edge ,Black Onyx,4 GB,32 GB,Yes,4.4,41900,41900,SAMSUNG Galaxy S7 Edge 
Infinix,Zero 5,Sandstone Black,6 GB,64 GB,Yes,4.3,17999,17999,Infinix Zero 5
SAMSUNG,Galaxy M31s ,Mirage Blue,6 GB,128 GB,Yes,4.3,19178,19900,SAMSUNG Galaxy M31s 
Infinix,Hot 10 Play,Morandi Green,3 GB,32 GB,Yes,4.3,8299,9999,Infinix Hot 10 Play
SAMSUNG,Guru FM Plus,Black,,2 MB,Yes,4.2,1445,1445,SAMSUNG Guru FM Plus
Infinix,Hot 9 Pro,Quetzal Cyan,4 GB,64 GB,Yes,4.4,12999,12999,Infinix Hot 9 Pro
Xiaomi,Redmi Note 8 ,Space Black,4 GB,64 GB,Yes,2.3,11999,11999,Xiaomi Redmi Note 8 
Nokia,6310,Black,8 MB,16 MB,Yes,,4189,4189,Nokia 6310
ASUS,6Z ,Black,6 GB,128 GB,Yes,4.3,38999,38999,ASUS 6Z 
SAMSUNG,S20 FE 5G ,Cloud Navy,8 GB,128 GB,Yes,,49990,56990,SAMSUNG S20 FE 5G 
Apple,iPhone 13 Pro Max ,Sierra Blue,6 GB,128 GB,Yes,,129900,129900,Apple iPhone 13 Pro Max 
SAMSUNG,Galaxy S6 ,White Pearl,3 GB,64 GB,Yes,4.0,55900,55900,SAMSUNG Galaxy S6 
realme,9 Pro+ 5G,Aurora Green,8 GB,128 GB,Yes,4.4,26999,29999,realme 9 Pro+ 5G
vivo,Y73 ,Roman Black,,128 GB,Yes,,29990,32990,vivo Y73 
SAMSUNG,Galaxy A22 5G ,Mint,8 GB,128 GB,Yes,4.2,23596,23696,SAMSUNG Galaxy A22 5G 
vivo,Y94,Nebula Purple,4 GB,32 GB,Yes,4.4,15990,15990,vivo Y94
Nokia,3.1 Plus ,Blue,3 GB,32 GB,Yes,4.2,8299,8299,Nokia 3.1 Plus 
realme,Narzo 30A ,Laser Blue,4 GB,64 GB,Yes,4.3,10499,10999,realme Narzo 30A 
LG,K10 K420DS ,Black Gold,2 GB,16 GB,Yes,4.0,6980,6980,LG K10 K420DS 
OPPO,Find X,Glacier Blue,8 GB,256 GB,Yes,4.6,60990,60990,OPPO Find X
SAMSUNG,Guru Plus B110,Black,512 MB,512 MB,Yes,4.2,1700,1700,SAMSUNG Guru Plus B110
Apple,iPhone 11 Pro ,Gold,4GB,512 GB,Yes,4.6,140300,140300,Apple iPhone 11 Pro 
realme,GT Master Edition ,Luna White ,8 GB,128 GB,Yes,4.3,27999,29999,realme GT Master Edition 
Infinix,Hot 10S,Heart of Ocean,4 GB,64 GB,Yes,4.3,9999,12999,Infinix Hot 10S
SAMSUNG,M01 core ,Black,2 GB,32 GB,Yes,3.9,5999,5999,SAMSUNG M01 core 
vivo,S1,Skyline Blue,6 GB,64 GB,Yes,4.4,20990,20990,vivo S1
SAMSUNG,Galaxy M10 ,Ocean Blue,3 GB,32 GB,Yes,4.3,8690,9290,SAMSUNG Galaxy M10 
Xiaomi,REDMI Note 9 ,Arctic White,4 GB,64 GB,Yes,4.3,11999,14999,Xiaomi REDMI Note 9 
GIONEE,X-1 ,Black,2 GB,16 GB,Yes,4.0,4650,4650,GIONEE X-1 
Nokia,5,Copper,2 GB,16 GB,Yes,4.0,6999,14190,Nokia 5
SAMSUNG,Z2 ,Gold,1 GB,8 GB,Yes,3.6,4790,4790,SAMSUNG Z2 
Google Pixel,Quite Black,Black,4 GB,128 GB,Yes,4.4,66000,66000,Google Pixel Quite Black
Motorola,One Fusion+ ,Twilight Blue,6 GB,128 GB,Yes,4.4,17499,19999,Motorola One Fusion+ 
GIONEE,A1 ,Black,4 GB,64 GB,Yes,4.0,7899,7899,GIONEE A1 
OPPO,F3,Rose Gold,4 GB,64 GB,Yes,4.3,18000,18000,OPPO F3
SAMSUNG,M02s ,Black,3 GB,32 GB,Yes,4.2,9639,9639,SAMSUNG M02s 
Lenovo,A536 ,White,1 GB,8 GB,Yes,3.8,9999,9999,Lenovo A536 
OPPO,F5,Gold,4 GB,32 GB,Yes,4.4,19990,19990,OPPO F5
OPPO,Reno2 Z,Sky White,8 GB,256 GB,Yes,4.5,29489,32990,OPPO Reno2 Z
Motorola,G 3rd Generation ,Black,1 GB,8 GB,Yes,4.2,9999,9999,Motorola G 3rd Generation 
SAMSUNG,Galaxy M01 ,Blue,3 GB,32 GB,Yes,4.2,9990,9990,SAMSUNG Galaxy M01 
SAMSUNG,Galaxy S21 SE 5G,Lavender  ,8 GB,128 GB,Yes,4.3,59990,59990,SAMSUNG Galaxy S21 SE 5G
Lenovo,S90 Or Sisley S90 ,Grey,2 GB,32 GB,Yes,3.6,12999,12999,Lenovo S90 Or Sisley S90 
SAMSUNG,Galaxy S9 ,Midnight Black,4 GB,256 GB,Yes,4.4,65900,65900,SAMSUNG Galaxy S9 
SAMSUNG,Galaxy M30S ,Pearl white,4 GB,128 GB,Yes,4.3,16999,16999,SAMSUNG Galaxy M30S 
Xiaomi,Redmi 7 ,Comet Blue,2 GB,32 GB,Yes,4.5,9490,9490,Xiaomi Redmi 7 
SAMSUNG,Grand Prime 4G ,White,1 GB,8 GB,Yes,4.0,7999,7999,SAMSUNG Grand Prime 4G 
Motorola,E5 Plus,Black,3 GB,32 GB,Yes,4.2,11999,11999,Motorola E5 Plus
Infinix,Smart 2,Sandstone Black,3 GB,32 GB,Yes,4.1,7946,7999,Infinix Smart 2
Infinix,Smart HD 2021,Topaz Blue,2 GB,32 GB,Yes,4.3,7990,7990,Infinix Smart HD 2021
SAMSUNG,Galaxy A5-2017 ,Black Sky,3 GB,32 GB,Yes,4.1,22900,22900,SAMSUNG Galaxy A5-2017 
LG,Q Stylus+ ,Black,4 GB,64 GB,Yes,4.0,24000,24000,LG Q Stylus+ 
realme,U1 ,Ambitious Black,3 GB,32 GB,Yes,4.4,8285,8285,realme U1 
OPPO,Reno5 Pro 5G,Starry Black,8 GB,128 GB,Yes,4.4,35990,38990,OPPO Reno5 Pro 5G
SAMSUNG,Galaxy A72 ,Awesome Black,8 GB,128 GB,Yes,4.3,34999,41999,SAMSUNG Galaxy A72 
POCO,F1,Armoured Edition,8 GB,256 GB,Yes,4.5,30999,30999,POCO F1
HTC,Desire 826 DS,White Birch,2 GB,16 GB,Yes,3.7,18249,18249,HTC Desire 826 DS
Infinix,Zero 5,Bordeaux Red ,6 GB,64 GB,Yes,4.3,17999,17999,Infinix Zero 5
ASUS,Zenfone Selfie ,Aqua Blue,3 GB,32 GB,Yes,4.0,11999,11999,ASUS Zenfone Selfie 
Motorola,G60 ,Dynamic Gray,6 GB,128 GB,Yes,4.2,17999,21999,Motorola G60 
SAMSUNG,Galaxy Z Flip3 5G ,Cream,8 GB,128 GB,Yes,4.3,84999,95999,SAMSUNG Galaxy Z Flip3 5G 
HTC,10,Carbon Grey,4 GB,32 GB,Yes,4.2,47990,47990,HTC 10
SAMSUNG,Galaxy A12 ,Blue,6 GB,128 GB,Yes,3.9,14999,14999,SAMSUNG Galaxy A12 
realme,9 Pro+ 5G,Aurora Green,6 GB,128 GB,Yes,4.4,24999,27999,realme 9 Pro+ 5G
SAMSUNG,Galaxy F41 ,Fusion Black,6 GB,128 GB,Yes,4.3,14499,20999,SAMSUNG Galaxy F41 
SAMSUNG,M31s ,Mirage Blue,8 GB,128 GB,Yes,4.3,20949,20949,SAMSUNG M31s 
Apple,iPhone 11 ,White,4GB,128 GB,Yes,4.6,54900,54900,Apple iPhone 11 
Xiaomi,Redmi 8A Dual ,Sky White,3 GB,64 GB,Yes,4.2,8561,8561,Xiaomi Redmi 8A Dual 
Infinix,S5 Lite,Violet,4 GB,64 GB,Yes,4.3,9999,9999,Infinix S5 Lite
Infinix,Hot 7 Pro,Midnight Black,6 GB,64 GB,Yes,4.2,10999,10999,Infinix Hot 7 Pro
Infinix,Hot S3X,Milan Black,3 GB,32 GB,Yes,4.2,10999,10999,Infinix Hot S3X
Motorola,G40 Fusion ,Dynamic Gray,4 GB,64 GB,Yes,4.3,14499,16999,Motorola G40 Fusion 
realme,9 5G,Meteor Black,6 GB,128 GB,Yes,4.8,17499,20999,realme 9 5G
ASUS,Zenfone Go ,Silver,1 GB,8 GB,Yes,3.8,5699,5699,ASUS Zenfone Go 
realme,3,Diamond Red,4 GB,64 GB,Yes,4.4,9499,12999,realme 3
SAMSUNG,Galaxy S8 Plus ,Midnight Black,6 GB,128 GB,Yes,4.6,48669,48669,SAMSUNG Galaxy S8 Plus 
Lenovo,A6000 Plus ,White,2 GB,16 GB,Yes,4.1,7499,7499,Lenovo A6000 Plus 
vivo,Z1 Pro,Sonic Blue,6 GB,64 GB,Yes,4.5,17990,17990,vivo Z1 Pro
OPPO,F3 Deepika Padukone Limited Edition,Rose Gold,4 GB,64 GB,Yes,4.3,17000,17000,OPPO F3 Deepika Padukone Limited Edition
Apple,iPhone 11 ,Green,4GB,256 GB,Yes,4.6,64900,64900,Apple iPhone 11 
vivo,X60 ,Shimmer Blue,3 GB,64 GB,Yes,4.4,8205,8205,vivo X60 
realme,X3 ,Glacier Blue,6 GB,128 GB,Yes,4.4,24999,26999,realme X3 
GIONEE,P5L ,White,1 GB,16 GB,Yes,3.7,5199,5199,GIONEE P5L 
Infinix,Smart 5A,Midnight Black,2 GB,32 GB,Yes,4.4,7199,7999,Infinix Smart 5A
SAMSUNG,Galaxy J1 ,White,1 GB,8 GB,Yes,4.0,7550,7550,SAMSUNG Galaxy J1 
Xiaomi,Redmi Note 6 Pro ,Rose Gold,4 GB,64 GB,Yes,4.4,12449,15990,Xiaomi Redmi Note 6 Pro 
SAMSUNG,Galaxy F62 ,Laser Grey,6 GB,128 GB,Yes,4.2,23999,29999,SAMSUNG Galaxy F62 
SAMSUNG,Galaxy Grand Quattro ,Ceramic White,1 GB,8 GB,Yes,4.0,6999,6999,SAMSUNG Galaxy Grand Quattro 
Lenovo,A2010 ,White,1 GB,8 GB,Yes,3.9,4990,4990,Lenovo A2010 
realme,9 5G,Meteor Black,4 GB,64 GB,Yes,4.5,14999,18999,realme 9 5G
OPPO,A5,Diamond Red,4 GB,64 GB,Yes,4.4,15990,15990,OPPO A5
SAMSUNG,Galaxy S Duos 3 ,Charcoal Grey,512 MB,4 GB,Yes,4.0,6499,6499,SAMSUNG Galaxy S Duos 3 
SAMSUNG,Galaxy A7 ,Midnight Black,2 GB,16 GB,Yes,4.1,19990,19990,SAMSUNG Galaxy A7 
Xiaomi,Redmi Note 11T 5G,Matte Black,6 GB,64 GB,Yes,4.3,18979,18999,Xiaomi Redmi Note 11T 5G
Apple,iPhone 13 ,Pink,4GB,512 GB,Yes,,109900,109900,Apple iPhone 13 
realme,7i ,Fusion Blue,4 GB,128 GB,Yes,4.3,14999,14999,realme 7i 
GIONEE,M5 Lite 4G ,Blue,3 GB,32 GB,Yes,4.1,7290,7290,GIONEE M5 Lite 4G 
SAMSUNG,Galaxy A30 ,Black,4 GB,64 GB,Yes,4.4,17500,17500,SAMSUNG Galaxy A30 
Apple,iPhone 7 Plus ,Silver,3 GB,256 GB,Yes,4.5,85400,85400,Apple iPhone 7 Plus 
SAMSUNG,Galaxy Note 9 ,Metallic Copper,6 GB,128 GB,Yes,4.6,73600,73600,SAMSUNG Galaxy Note 9 
Motorola,G4,White,2 GB,16 GB,Yes,3.9,6999,6999,Motorola G4
Lenovo,Vibe K5 Plus ,Gold,3 GB,16 GB,Yes,4.0,7999,7999,Lenovo Vibe K5 Plus 
SAMSUNG,Galaxy A22 5G ,Violet,6 GB,128 GB,Yes,4.3,20696,21995,SAMSUNG Galaxy A22 5G 
vivo,Y51A ,Crystal Symphony,4 GB,32 GB,Yes,4.4,19490,22990,vivo Y51A 
Xiaomi,Redmi 9 ,Sporty Orange,4 GB,64 GB,Yes,4.4,9828,10760,Xiaomi Redmi 9 
realme,Narzo 10 ,That White,4 GB,128 GB,Yes,4.5,11999,12999,realme Narzo 10 
SAMSUNG,Galaxy S7 Edge ,Gold Platinum,4 GB,32 GB,Yes,4.4,41900,41900,SAMSUNG Galaxy S7 Edge 
realme,X7 Max,Mercury Silver,12 GB,256 GB,Yes,4.4,29999,32999,realme X7 Max
Nokia,6310,Black,16 MB,8 MB,Yes,,4199,4199,Nokia 6310
Apple,iPhone 6 ,Space Grey,1 GB,16 GB,Yes,4.4,52000,52000,Apple iPhone 6 
SAMSUNG,Galaxy J4 ,Blue,3 GB,32 GB,Yes,4.2,13023,13023,SAMSUNG Galaxy J4 
GIONEE,Pioneer P6 ,Grey,1 GB,8 GB,Yes,3.7,4150,4150,GIONEE Pioneer P6 
ASUS,ZenFone Max M1 ,Gold,3 GB,32 GB,Yes,4.2,9599,9599,ASUS ZenFone Max M1 
Motorola,G4 Plus,White,3 GB,32 GB,Yes,4.0,6999,6999,Motorola G4 Plus
SAMSUNG,Galaxy S7 Edge ,Pink Gold,4 GB,32 GB,Yes,4.4,36900,36900,SAMSUNG Galaxy S7 Edge 
Motorola,M,Silver,3 GB,32 GB,Yes,3.9,14999,14999,Motorola M
Lenovo,Vibe Shot ,Red,3 GB,32 GB,Yes,3.7,18999,18999,Lenovo Vibe Shot 
OPPO,A3s,Red,4 GB,64 GB,Yes,4.3,13990,13990,OPPO A3s
realme,6 Pro ,Lightning Blue,8 GB,128 GB,Yes,4.4,19999,19999,realme 6 Pro 
Lenovo,A5 ,Black,3 GB,32 GB,Yes,4.1,7999,7999,Lenovo A5 
Apple,iPhone XR ,Yellow,3 GB,64 GB,Yes,4.6,42999,47900,Apple iPhone XR 
Motorola,G6,Indigo Black,3 GB,32 GB,Yes,4.2,13999,13999,Motorola G6
OPPO,Reno6 5G,Stellar Black,8 GB,128 GB,Yes,4.3,29990,35990,OPPO Reno6 5G
SAMSUNG,Galaxy M30s ,Blue,6 GB,128 GB,Yes,4.1,15990,15990,SAMSUNG Galaxy M30s 
SAMSUNG,Galaxy A7 2016 Edition ,Black,3 GB,16 GB,Yes,4.1,20700,20700,SAMSUNG Galaxy A7 2016 Edition 
SAMSUNG,Galaxy A20s ,Black,4 GB,64 GB,Yes,4.3,14900,14900,SAMSUNG Galaxy A20s 
SAMSUNG,Galaxy A6+ ,Blue,4 GB,64 GB,Yes,4.4,25600,25600,SAMSUNG Galaxy A6+ 
realme,Narzo 50A ,Oxygen Green,4 GB,64 GB,Yes,4.4,11499,12999,realme Narzo 50A 
Apple,iPhone 13 Pro ,Sierra Blue,6 GB,1 TB,Yes,,169900,169900,Apple iPhone 13 Pro 
Nokia,2.1,Grey / Silver,1 GB,8 GB,Yes,4.0,7739,7739,Nokia 2.1
Apple,iPhone 12 Mini ,White,4GB,128 GB,Yes,4.5,61999,64900,Apple iPhone 12 Mini 
SAMSUNG,Galaxy J2-2017 ,Absolute black,1 GB,8 GB,Yes,4.2,6000,6000,SAMSUNG Galaxy J2-2017 
Nokia,8 Sirocco ,Black,6 GB,128 GB,Yes,4.3,29990,29990,Nokia 8 Sirocco 
OPPO,F17 Pro,Metallic White,8 GB,128 GB,Yes,4.3,19990,25990,OPPO F17 Pro
SAMSUNG,Galaxy S9 ,Lilac Purple,4 GB,64 GB,Yes,4.4,62500,62500,SAMSUNG Galaxy S9 
vivo,X60 ,Midnight Black,4 GB,64 GB,Yes,4.4,16490,16490,vivo X60 
Apple,iPhone 6 ,Silver,1 GB,16 GB,Yes,4.4,36990,36990,Apple iPhone 6 
OPPO,A16,CRYSTAL BLACK,4 GB,64 GB,Yes,,13990,15990,OPPO A16
SAMSUNG,Galaxy Note 5 ,Silver,4 GB,32 GB,Yes,3.9,56999,56999,SAMSUNG Galaxy Note 5 
Lenovo,S850 ,White,1 GB,16 GB,Yes,4.0,18499,18499,Lenovo S850 
vivo,U12,Electric Blue,4 GB,64 GB,Yes,4.4,13990,13990,vivo U12
POCO,F3 GT,Predator Black,8 GB,256 GB,Yes,4.3,30999,36999,POCO F3 GT
Lenovo,P780 ,Deep Black,1 GB,4 GB,Yes,4.1,15410,15410,Lenovo P780 
SAMSUNG,Galaxy A8 ,Gold,2 GB,32 GB,Yes,4.2,25990,25990,SAMSUNG Galaxy A8 
Motorola,M,Silver,4 GB,64 GB,Yes,3.9,10910,10910,Motorola M
realme,3i ,Diamond Red,4 GB,64 GB,Yes,4.4,10499,10999,realme 3i 
Apple,iPhone 12 ,Blue,4GB,128 GB,Yes,4.6,68999,70900,Apple iPhone 12 
OPPO,A54,Starry Blue,4 GB,64 GB,Yes,4.3,14990,14990,OPPO A54
ASUS,Zenfone Go 4.5 LTE ,Red,1 GB,8 GB,Yes,3.6,4890,4890,ASUS Zenfone Go 4.5 LTE 
realme,8 Pro ,Infinite Blue,6 GB,128 GB,Yes,4.3,17999,19999,realme 8 Pro 
Lenovo,K9 ,Blue,3 GB,32 GB,Yes,4.2,9999,9999,Lenovo K9 
ASUS,Zenfone Selfie ,Pink,3 GB,16 GB,Yes,4.0,12490,12490,ASUS Zenfone Selfie 
Apple,iPhone 7 ,Black,2 GB,32 GB,Yes,4.5,24999,31500,Apple iPhone 7 
Apple,iPhone 11 ,Black,4GB,256 GB,Yes,4.6,64900,64900,Apple iPhone 11 
Xiaomi,Redmi Y2 ,Gold,4 GB,64 GB,Yes,4.3,10999,10999,Xiaomi Redmi Y2 
vivo,V20 SE ,Gravity Black,3 GB,32 GB,Yes,4.3,17999,17999,vivo V20 SE 
Apple,iPhone XR ,Coral,3 GB,128 GB,Yes,4.6,47999,52900,Apple iPhone XR 
Apple,iPhone 11 ,Yellow,4GB,256 GB,Yes,4.6,64900,64900,Apple iPhone 11 
OPPO,F1S,Gold,4 GB,64 GB,Yes,4.3,18990,18990,OPPO F1S
realme,7,Mist Blue,6 GB,64 GB,Yes,4.3,14999,17999,realme 7
realme,C21 ,Cross Blue,4 GB,64 GB,Yes,4.4,9999,10999,realme C21 
Xiaomi,Redmi Y1 ,Rose Gold,3 GB,32 GB,Yes,4.3,8990,8990,Xiaomi Redmi Y1 
Apple,iPhone 12 Pro ,Silver,6 GB,256 GB,Yes,4.6,119900,119900,Apple iPhone 12 Pro 
Apple,iPhone 12 Mini ,Purple,4GB,128 GB,Yes,4.5,61999,64900,Apple iPhone 12 Mini 
SAMSUNG,Galaxy S9 Plus ,Coral Blue,6 GB,64 GB,Yes,4.5,70000,70000,SAMSUNG Galaxy S9 Plus 
realme,U1 ,Fiery Gold,4 GB,64 GB,Yes,4.4,11990,15499,realme U1 
realme,X2 ,Pearl Blue,6 GB,128 GB,Yes,4.5,19999,19999,realme X2 
realme,X7 Max,Asteroid Black,12 GB,256 GB,Yes,4.3,29999,32999,realme X7 Max
SAMSUNG,Guru Music 2,Black,,Expandable Upto 16 GB,Yes,4.3,1882,1882,SAMSUNG Guru Music 2
OPPO,F19 Pro,Fantastic Purple,8 GB,256 GB,Yes,4.3,23490,25990,OPPO F19 Pro
realme,X3 SuperZoom ,Arctic White,8 GB,256 GB,Yes,4.3,29999,31999,realme X3 SuperZoom 
Apple,iPhone 12 ,Black,4GB,64 GB,Yes,4.6,63999,65900,Apple iPhone 12 
Lenovo,A6000 Shot ,Black,2 GB,16 GB,Yes,3.7,6200,9991,Lenovo A6000 Shot 
realme,X ,Space Blue,8 GB,,Yes,4.5,20999,20999,realme X 
Apple,iPhone SE ,Red,2 GB,128 GB,Yes,4.5,44900,44900,Apple iPhone SE 
Apple,iPhone 7 ,Jet Black,2 GB,128 GB,Yes,4.5,34900,34900,Apple iPhone 7 
POCO,M2 Pro,Green and Greener,4 GB,64 GB,Yes,4.3,13999,16999,POCO M2 Pro
realme,GT Neo 2,Neo Black,12 GB,256 GB,Yes,4.4,35999,38999,realme GT Neo 2
SAMSUNG,Galaxy Note10 Lite ,Aura Black,8 GB,128 GB,Yes,4.3,39999,45000,SAMSUNG Galaxy Note10 Lite 
ASUS,ROG 5s,Storm White,8 GB,128 GB,Yes,,49999,55999,ASUS ROG 5s
Nokia,3310 DS 2020,Black,16 MB,Expandable Upto 32 GB,Yes,3.8,3974,4179,Nokia 3310 DS 2020
Infinix,Smart 4,Quetzal Cyan,2 GB,32 GB,Yes,4.4,8999,8999,Infinix Smart 4
Apple,iPhone 11 ,White,4GB,64 GB,Yes,4.6,54900,54900,Apple iPhone 11 
GIONEE,S Plus ,Dark Blue,3 GB,16 GB,Yes,3.7,8950,8950,GIONEE S Plus 
Xiaomi,Redmi Y3 ,Elegant Blue,4 GB,64 GB,Yes,4.2,12999,12999,Xiaomi Redmi Y3 
Apple,iPhone 11 Pro Max ,Midnight Green,4GB,256 GB,Yes,4.7,131900,131900,Apple iPhone 11 Pro Max 
Xiaomi,Mi 11 Lite ,Tuscany Coral,8 GB,128 GB,Yes,4.3,23999,25999,Xiaomi Mi 11 Lite 
Infinix,S5 ,Quetzal Cyan,4 GB,64 GB,Yes,4.3,10999,10999,Infinix S5 
Lenovo,A6600 ,Black,1 GB,16 GB,Yes,3.8,5499,5499,Lenovo A6600 
HTC,U Ultra,Sapphire Blue,4 GB,64 GB,Yes,4.0,62990,62990,HTC U Ultra
Xiaomi,REDMI 9 Prime ,Space Blue,4 GB,64 GB,Yes,4.3,10499,11999,Xiaomi REDMI 9 Prime 
Apple,iPhone 12 Mini ,Black,4GB,128 GB,Yes,4.5,61999,64900,Apple iPhone 12 Mini 
vivo,Y31 ,Ocean Blue,8 GB,256 GB,Yes,4.3,13990,13990,vivo Y31 
realme,6 Pro ,Lightning Red,8 GB,128 GB,Yes,4.4,19999,19999,realme 6 Pro 
realme,GT Master Edition ,Daybreak Blue,6 GB,128 GB,Yes,4.3,25999,29999,realme GT Master Edition 
Nokia,3.1 Plus ,Baltic,3 GB,32 GB,Yes,4.2,10440,10440,Nokia 3.1 Plus 
realme,X2 ,Pearl White,6 GB,128 GB,Yes,4.5,19999,19999,realme X2 
SAMSUNG,Galaxy A21s ,Blue,6 GB,128 GB,Yes,4.2,17499,18999,SAMSUNG Galaxy A21s 
SAMSUNG,Galaxy S10 Plus ,Prism White,8 GB,128 GB,Yes,4.6,59900,59900,SAMSUNG Galaxy S10 Plus 
Apple,iPhone 13 Pro Max,Alpine Green,4GB,1 TB,Yes,4.7,169900,169900,Apple iPhone 13 Pro Max
SAMSUNG,Sm-G361Hhadins ,Charcoal Gray,1 GB,8 GB,Yes,3.0,8999,8999,SAMSUNG Sm-G361Hhadins 
Xiaomi,Redmi Note 11T 5G,Stardust White,6 GB,64 GB,Yes,4.2,18187,18990,Xiaomi Redmi Note 11T 5G
realme,8i ,Space Black,6 GB,128 GB,Yes,,15999,17999,realme 8i 
OPPO,F17,Classic Silver,6 GB,128 GB,Yes,4.2,20999,20999,OPPO F17
SAMSUNG,Galaxy F42 5G ,Matte Black,6 GB,128 GB,Yes,4.1,20999,23999,SAMSUNG Galaxy F42 5G 
Apple,iPhone 13 Pro Max ,Graphite,6 GB,128 GB,Yes,,129900,129900,Apple iPhone 13 Pro Max 
Xiaomi,Redmi Note 6 Pro ,Black,4 GB,64 GB,Yes,4.4,12349,12349,Xiaomi Redmi Note 6 Pro 
Nokia,216 DS,Black,16 MB,2 MB,Yes,4.2,2875,2999,Nokia 216 DS
Apple,iPhone 11 Pro Max ,Silver,4GB,512 GB,Yes,4.7,150800,150800,Apple iPhone 11 Pro Max 
SAMSUNG,Galaxy A03s ,White,3 GB,32 GB,Yes,4.0,11499,13499,SAMSUNG Galaxy A03s 
Infinix,Hot 11,Silver Wave,4 GB,64 GB,Yes,4.4,9999,11999,Infinix Hot 11
Nokia,Asha 502 ,Bright Red,64 MB,Expandable Upto 32 GB,Yes,3.7,3499,3499,Nokia Asha 502 
OPPO,A33,Mint Cream,3 GB,32 GB,Yes,4.3,10490,12990,OPPO A33
Xiaomi,11i 5G,Purple Mist,6 GB,128 GB,Yes,4.3,24999,29999,Xiaomi 11i 5G
realme,3,Radiant Blue,3 GB,32 GB,Yes,4.5,8499,10999,realme 3
LG,G2 D802 ,Black Gold,2 GB,16 GB,Yes,4.5,31971,31971,LG G2 D802 
OPPO,A12,Deep Blue,4 GB,64 GB,Yes,4.4,10490,11990,OPPO A12
Nokia,C20 Plus ,Grey,2 GB,32 GB,Yes,4.4,8999,10499,Nokia C20 Plus 
GIONEE,P7 ,Grey,2 GB,16 GB,Yes,3.8,4750,4750,GIONEE P7 
realme,5i ,Forest Green,4 GB,64 GB,Yes,4.5,10999,10999,realme 5i 
Nokia,TA-1010/105,Black,4 MB,4 MB,Yes,4.2,1340,1340,Nokia TA-1010/105
ASUS,Zenfone Selfie ,Purple,3 GB,16 GB,Yes,4.0,13999,13999,ASUS Zenfone Selfie 
OPPO,A57,Black,3 GB,32 GB,Yes,4.2,14990,14990,OPPO A57
OPPO,F5,Black,6 GB,64 GB,Yes,4.4,14990,14990,OPPO F5
SAMSUNG,Galaxy F02s ,Diamond Blue,3 GB,32 GB,Yes,4.2,9499,10499,SAMSUNG Galaxy F02s 
ASUS,Zenfone Selfie ,Black,3 GB,16 GB,Yes,4.0,9999,9999,ASUS Zenfone Selfie 
POCO,F1,Graphite Black,6 GB,128 GB,Yes,4.5,24999,24999,POCO F1
ASUS,Zenfone Selfie ,White,3 GB,32 GB,Yes,4.0,14500,14500,ASUS Zenfone Selfie 
GIONEE,F9 ,Champagne,3 GB,32 GB,Yes,4.2,7900,7900,GIONEE F9 
Apple,iPhone 12 Mini ,Red,4GB,64 GB,Yes,4.5,56999,59900,Apple iPhone 12 Mini 
Apple,iPhone 11 ,Green,4GB,128 GB,Yes,4.6,54900,54900,Apple iPhone 11 
Motorola,G9 ,Sapphire Blue,4 GB,64 GB,Yes,4.2,10999,14999,Motorola G9 
Nokia,8,Polished Blue,4 GB,64 GB,Yes,4.0,29490,29490,Nokia 8
Infinix,Note 4,Ice Blue,3 GB,32 GB,Yes,4.2,8999,8999,Infinix Note 4
SAMSUNG,Galaxy A71 ,Prism Crush Blue,8 GB,128 GB,Yes,4.4,27499,34999,SAMSUNG Galaxy A71 
Apple,iPhone 6s ,Silver,2 GB,128 GB,Yes,4.5,55999,55999,Apple iPhone 6s 
Apple,iPhone 11 ,Black,4GB,128 GB,Yes,4.6,54900,54900,Apple iPhone 11 
Nokia,3,Silver White,2 GB,16 GB,Yes,3.9,8588,8588,Nokia 3
SAMSUNG,Galaxy A70 ,Black,6 GB,128 GB,Yes,4.3,30900,30900,SAMSUNG Galaxy A70 
SAMSUNG,Galaxy A21s ,White,6 GB,64 GB,Yes,4.2,19999,19999,SAMSUNG Galaxy A21s 
Nokia,2.2,Steel,2 GB,16 GB,Yes,4.0,8599,8599,Nokia 2.2
realme,5i ,Aqua Blue,4 GB,,Yes,4.5,10999,10999,realme 5i 
Lenovo,A7 ,Black,2 GB,32 GB,Yes,4.0,7490,8490,Lenovo A7 
vivo,Y20G 2021 ,Purist Blue,4 GB,64 GB,Yes,,29990,34990,vivo Y20G 2021 
Motorola,One Macro ,Space Blue,4 GB,64 GB,Yes,4.3,9999,11999,Motorola One Macro 
Motorola,G4,Black,2 GB,16 GB,Yes,3.9,6399,6399,Motorola G4
LG,V30+ ,Silver,4 GB,128 GB,Yes,4.3,29999,29999,LG V30+ 
SAMSUNG,Galaxy A7 ,Blue,6 GB,128 GB,Yes,4.4,24600,24600,SAMSUNG Galaxy A7 
ASUS,ZenFone Max M2 ,Silver,3 GB,32 GB,Yes,4.3,12999,12999,ASUS ZenFone Max M2 
realme,X7 Max,Milkyway Grey,8 GB,128 GB,Yes,4.3,26999,29999,realme X7 Max
SAMSUNG,Galaxy C7 Pro ,Gold,4 GB,64 GB,Yes,4.4,26600,26600,SAMSUNG Galaxy C7 Pro 
SAMSUNG,Galaxy Note 9 ,Lavender Purple,6 GB,128 GB,Yes,4.6,73600,73600,SAMSUNG Galaxy Note 9 
Lenovo,K10 Note ,Black,6 GB,128 GB,Yes,4.1,18999,18999,Lenovo K10 Note 
LG,G5 ,Silver,4 GB,32 GB,Yes,4.0,52990,52990,LG G5 
GIONEE,F10 ,Blue,3 GB,32 GB,Yes,4.1,7990,7990,GIONEE F10 
vivo,V21 5G ,Sunset Dazzle,12 GB,256 GB,Yes,4.4,14990,14990,vivo V21 5G 
Lenovo,A5 ,Gold,3 GB,32 GB,Yes,4.1,7999,7999,Lenovo A5 
Apple,iPhone 13 Pro Max ,Graphite,6 GB,1 TB,Yes,,179900,179900,Apple iPhone 13 Pro Max 
Apple,iPhone 12 Pro ,Silver,6 GB,512 GB,Yes,4.6,139900,139900,Apple iPhone 12 Pro 
POCO,X3 Pro ,Steel Blue,8 GB,128 GB,Yes,4.4,20999,25999,POCO X3 Pro 
SAMSUNG,Galaxy M12 ,Blue,4 GB,64 GB,Yes,4.2,11510,11510,SAMSUNG Galaxy M12 
vivo,Y12s ,Phantom Black,4 GB,64 GB,Yes,4.4,32990,35990,vivo Y12s 
OPPO,Find X,Bordeaux Red,8 GB,256 GB,Yes,4.6,60990,60990,OPPO Find X
SAMSUNG,Galaxy Folder 2 ,Wine Red,2 GB,16 GB,Yes,3.7,27330,27330,SAMSUNG Galaxy Folder 2 
Apple,iPhone 13 Pro Max ,Silver,6 GB,512 GB,Yes,,159900,159900,Apple iPhone 13 Pro Max 
ASUS,ROG 5s Pro,Phantom Black,18 GB,512 GB,Yes,,79999,85999,ASUS ROG 5s Pro
POCO,M2 Reloaded ,Mostly Blue,4 GB,64 GB,Yes,4.3,9999,11999,POCO M2 Reloaded 
SAMSUNG,Galaxy S3 Neo ,Pebble Blue,1.5 GB,16 GB,Yes,4.3,17000,17000,SAMSUNG Galaxy S3 Neo 
Apple,iPhone 6s ,Silver,2 GB,16 GB,Yes,4.5,41999,41999,Apple iPhone 6s 
realme,X ,Onion,8 GB,128 GB,Yes,4.5,20999,20999,realme X 
GIONEE,Pioneer P5W ,Red,1 GB,16 GB,Yes,3.1,4150,7250,GIONEE Pioneer P5W 
SAMSUNG,Galaxy A10s ,Black,3 GB,32 GB,Yes,4.3,11000,11000,SAMSUNG Galaxy A10s 
SAMSUNG,Galaxy Note10 Lite ,Aura Red,6 GB,128 GB,Yes,4.3,37999,43000,SAMSUNG Galaxy Note10 Lite 
OPPO,A15s,Dynamic Black,4 GB,64 GB,Yes,4.3,12990,13990,OPPO A15s
SAMSUNG,Galaxy S4 ,Deep Black,2 GB,16 GB,Yes,3.9,15999,15999,SAMSUNG Galaxy S4 
HTC,Desire 516,Dark Grey,1 GB,4 GB,Yes,3.5,15200,15200,HTC Desire 516
Lenovo,A2010 ,Black,1 GB,8 GB,Yes,3.9,4599,4599,Lenovo A2010 
SAMSUNG,Galaxy J7 Nxt ,Gold,2 GB,16 GB,Yes,4.4,10995,10995,SAMSUNG Galaxy J7 Nxt 
Infinix,Smart 5,Purple,2 GB,32 GB,Yes,4.3,7499,8999,Infinix Smart 5
Nokia,Ta -1010/105,Black,4 MB,4 MB,Yes,4.2,1000,1000,Nokia Ta -1010/105
Xiaomi,Redmi Note 6 Pro ,Blue,6 GB,64 GB,Yes,4.5,14990,14990,Xiaomi Redmi Note 6 Pro 
Apple,iPhone 6 ,Gold,1 GB,16 GB,Yes,4.4,36499,36499,Apple iPhone 6 
realme,Narzo 50i ,Carbon Black,4 GB,64 GB,Yes,4.3,8999,9999,realme Narzo 50i 
LG,Velvet Dual Screen ,Black,6 GB,128 GB,Yes,4.4,44990,55000,LG Velvet Dual Screen 
realme,9i,Prism Black,6 GB,128 GB,Yes,4.4,15999,17999,realme 9i
ASUS,6Z ,Silver,6 GB,64 GB,Yes,4.3,35999,35999,ASUS 6Z 
realme,C3 ,Blazing Red,4 GB,64 GB,Yes,4.4,10999,10999,realme C3 
Nokia,3.4,Dusk,4 GB,64 GB,Yes,3.9,11999,13999,Nokia 3.4
Nokia,107 Dual SIM,Black,4 MB,Expandable Upto 16 GB,Yes,4.2,1860,1860,Nokia 107 Dual SIM
Infinix,Hot 6 Pro,Sandstone Black,3 GB,32 GB,Yes,4.3,8999,8999,Infinix Hot 6 Pro
SAMSUNG,Galaxy Note 4 ,Bronze Gold,3 GB,32 GB,Yes,4.1,51000,51000,SAMSUNG Galaxy Note 4 
LG,W30 ,Aurora Green,3 GB,32 GB,Yes,3.9,9999,9999,LG W30 
Apple,iPhone 7 ,Silver,2 GB,32 GB,Yes,4.5,24999,31500,Apple iPhone 7 
SAMSUNG,Galaxy J4 ,Black,3 GB,32 GB,Yes,4.2,10990,10990,SAMSUNG Galaxy J4 
Nokia,5.1 Plus ,Blue,4 GB,64 GB,Yes,4.1,9975,15999,Nokia 5.1 Plus 
LG,Q7 ,Black,3 GB,32 GB,Yes,3.3,9990,9990,LG Q7 
OPPO,A5,Diamond Red,4 GB,32 GB,Yes,4.4,13500,13500,OPPO A5
vivo,Y33s ,Midday Dream,6 GB,64 GB,Yes,4.4,37990,44990,vivo Y33s 
Nokia,5.3,SAND,4 GB,64 GB,Yes,3.5,10999,10999,Nokia 5.3
GIONEE,S10 Lite ,Gold,4 GB,32 GB,Yes,3.9,6399,6399,GIONEE S10 Lite 
Nokia,105 SS 2021,Black,4 MB,4 MB,Yes,4.2,1399,1399,Nokia 105 SS 2021
POCO,X2,Atlantic Blue,6 GB,64 GB,Yes,4.5,14999,18999,POCO X2
realme,Narzo 30A ,Laser Black,4 GB,64 GB,Yes,4.3,10499,10999,realme Narzo 30A 
Nokia,2,Copper/Black,1 GB,8 GB,Yes,3.8,7007,7007,Nokia 2
POCO,M4 Pro 5G,Cool Blue,8 GB,128 GB,Yes,4.4,18999,21999,POCO M4 Pro 5G
Xiaomi,Redmi Note 7S ,Ruby Red,4 GB,64 GB,Yes,4.2,13900,13900,Xiaomi Redmi Note 7S 
realme,X7 Max,Asteroid Black,8 GB,128 GB,Yes,4.3,26999,29999,realme X7 Max
SAMSUNG,Galaxy A72 ,Awesome Violet,8 GB,256 GB,Yes,4.3,37999,43999,SAMSUNG Galaxy A72 
Infinix,Hot 11,Polar Black,4 GB,64 GB,Yes,4.4,9999,11999,Infinix Hot 11
Apple,iPhone 11 Pro Max ,Space Grey,4GB,64 GB,Yes,4.7,117100,117100,Apple iPhone 11 Pro Max 
SAMSUNG,Galaxy A7 ,Champagne Gold,2 GB,16 GB,Yes,4.1,19990,19990,SAMSUNG Galaxy A7 
OPPO,A54,Moonlight Gold,4 GB,64 GB,Yes,4.3,14990,14990,OPPO A54
Infinix,S5 Pro,Forest Green,4 GB,64 GB,Yes,4.4,12999,12999,Infinix S5 Pro
SAMSUNG,Galaxy Core ,Metallic Blue,1 GB,8 GB,Yes,4.0,7999,7999,SAMSUNG Galaxy Core 
Infinix,S4,Nebula Blue,3 GB,32 GB,Yes,4.2,9999,9999,Infinix S4
POCO,M4 Pro 5G,Power Black,6 GB,128 GB,Yes,4.4,16999,19999,POCO M4 Pro 5G
GIONEE,S6 Pro ,Rose Gold,4 GB,32 GB,Yes,3.6,8000,8000,GIONEE S6 Pro 
realme,9 Pro+ 5G,Aurora Green,8 GB,256 GB,Yes,4.4,28999,31999,realme 9 Pro+ 5G
Nokia,5.4,Polar Night,6 GB,64 GB,Yes,3.9,14499,14499,Nokia 5.4
Xiaomi,Redmi Note 7 Pro ,Moonlight White,6 GB,128 GB,Yes,4.5,15449,15990,Xiaomi Redmi Note 7 Pro 
POCO,M4 Pro,Cool Blue,6 GB,64 GB,Yes,4.4,14999,17999,POCO M4 Pro
ASUS,Zenfone 2 Laser ZE500KL ,Black,2 GB,16 GB,Yes,4.1,7999,7999,ASUS Zenfone 2 Laser ZE500KL 
Xiaomi,Redmi Note 7 Pro ,MOONLIGHT WHITE,6 GB,64 GB,Yes,4.5,14980,14990,Xiaomi Redmi Note 7 Pro 
Lenovo,A7700 ,White,2 GB,16 GB,Yes,3.9,6750,6750,Lenovo A7700 
SAMSUNG,Galaxy Note 3 Neo ,White,2 GB,16 GB,Yes,4.2,11250,11250,SAMSUNG Galaxy Note 3 Neo 
Nokia,6310,Black,16 MB,8 MB,Yes,,4049,4049,Nokia 6310
Infinix,Hot 10S,Purple,4 GB,64 GB,Yes,4.3,9999,12999,Infinix Hot 10S
ASUS,ROG 5s,Phantom Black,12 GB,256 GB,Yes,,57999,63999,ASUS ROG 5s
Apple,iPhone 13 Mini ,Blue,6 GB,512 GB,Yes,,99900,99900,Apple iPhone 13 Mini 
SAMSUNG,Galaxy A70s ,Prism Crush Red,6 GB,128 GB,Yes,4.3,17999,31000,SAMSUNG Galaxy A70s 
Nokia,C01 Plus ,Blue,2 GB,16 GB,Yes,,6499,6499,Nokia C01 Plus 
realme,7i ,Fusion Green,4 GB,64 GB,Yes,4.3,13999,13999,realme 7i 
SAMSUNG,Galaxy M10 ,Charcoal Black,3 GB,32 GB,Yes,4.3,8650,9290,SAMSUNG Galaxy M10 
Xiaomi,9A Sport,Carbon Black,2 GB,32 GB,Yes,4.3,7798,7798,Xiaomi 9A Sport
SAMSUNG,Galaxy A6+ ,Gold,4 GB,64 GB,Yes,4.4,25999,25999,SAMSUNG Galaxy A6+ 
Lenovo,A7 ,Blue,4 GB,64 GB,Yes,3.9,7990,9999,Lenovo A7 
SAMSUNG,Galaxy M42 ,Prism Dot Gray,8 GB,128 GB,Yes,4.3,24499,25900,SAMSUNG Galaxy M42 
Apple,iPhone 13 Mini ,Red,6 GB,512 GB,Yes,,99900,99900,Apple iPhone 13 Mini 
POCO,M3 ,Yellow,6 GB,64 GB,Yes,4.3,11999,12999,POCO M3 
Nokia,215 4G DS 2020,Black,64 MB,128 MB,Yes,3.7,3599,3599,Nokia 215 4G DS 2020
SAMSUNG,Galaxy A3 ,Champagne Gold,1 GB,16 GB,Yes,4.0,8190,8190,SAMSUNG Galaxy A3 
Motorola,G8 Power Lite ,Arctic Blue,4 GB,64 GB,Yes,4.3,9999,9999,Motorola G8 Power Lite 
OPPO,A9 2020,Vanilla Mint,4 GB,128 GB,Yes,4.3,14990,18990,OPPO A9 2020
SAMSUNG,S7 Edge ,Black Pearl,4 GB,128 GB,Yes,4.3,36900,36900,SAMSUNG S7 Edge 
Apple,iPhone XS Max ,Silver,4 GB,512 GB,Yes,4.6,144900,144900,Apple iPhone XS Max 
Google Pixel,Nexus 5X ,White,2 GB,16 GB,Yes,4.5,25400,25400,Google Pixel Nexus 5X 
GIONEE,A1 Plus ,Mocha Gold,4 GB,64 GB,Yes,4.1,10499,10499,GIONEE A1 Plus 
SAMSUNG,M21 2021 Edition,Black,6 GB,128 GB,Yes,4.2,14859,15663,SAMSUNG M21 2021 Edition
Nokia,3310 DS 2020,Black,16 MB,Expandable Upto 32 GB,Yes,3.8,3499,3499,Nokia 3310 DS 2020
LG,V20 ,Pink,4 GB,64 GB,Yes,4.2,31490,31490,LG V20 
Google Pixel,Nexus 5X ,Carbon,2 GB,16 GB,Yes,4.3,25990,25990,Google Pixel Nexus 5X 
HTC,628,Sunset Blue,3 GB,32 GB,Yes,3.7,15400,15400,HTC 628
Xiaomi,Redmi Y3 ,Bold Red,4 GB,64 GB,Yes,4.3,12999,13999,Xiaomi Redmi Y3 
realme,6,Comet Blue,4 GB,64 GB,Yes,4.4,13999,14999,realme 6
SAMSUNG,Galaxy Note 4 ,Blossom Pink,3 GB,32 GB,Yes,4.1,49990,49990,SAMSUNG Galaxy Note 4 
OPPO,A12,Deep Blue,3 GB,32 GB,Yes,4.4,9490,10990,OPPO A12
Xiaomi,Mi 11X Pro 5G ,Cosmic Black,8 GB,256 GB,Yes,4.2,38950,39990,Xiaomi Mi 11X Pro 5G 
SAMSUNG,Galaxy A9 Pro ,Gold,4 GB,32 GB,Yes,4.3,19980,19980,SAMSUNG Galaxy A9 Pro 
SAMSUNG,Galaxy M20 ,Ocean Blue,4 GB,64 GB,Yes,4.3,11999,11999,SAMSUNG Galaxy M20 
GIONEE,F11 ,Blue,3 GB,32 GB,Yes,4.0,6490,6490,GIONEE F11 
Infinix,Smart 6,Obsidian Black,2 GB,32 GB,Yes,4.3,7499,8999,Infinix Smart 6
OPPO,A9 2020,Space Purple,4 GB,128 GB,Yes,4.3,14990,18990,OPPO A9 2020
OPPO,A5s,Red,2 GB,32 GB,Yes,4.3,12990,4990,OPPO A5s
Motorola,G 2nd Generation ,White,1 GB,16 GB,Yes,4.2,8999,8999,Motorola G 2nd Generation 
POCO,C31,Shadow Grey,3 GB,32 GB,Yes,4.4,7999,10999,POCO C31
SAMSUNG,Metro,Black,32 MB,2 MB,Yes,4.2,2849,2849,SAMSUNG Metro
Xiaomi,Mi 10i ,Pacific Sunrise,8 GB,128 GB,Yes,4.3,26989,26989,Xiaomi Mi 10i 
SAMSUNG,Galaxy On Nxt ,Gold,3 GB,16 GB,Yes,4.3,11200,11200,SAMSUNG Galaxy On Nxt 
Lenovo,K6 Note ,Gold,4 GB,32 GB,Yes,4.0,7490,7490,Lenovo K6 Note 
SAMSUNG,Galaxy A10s ,Green,2 GB,32 GB,Yes,4.4,10000,10000,SAMSUNG Galaxy A10s 
SAMSUNG,Galaxy A7 ,Blue,4 GB,64 GB,Yes,4.4,17990,25379,SAMSUNG Galaxy A7 
realme,8s 5G ,Universe Blue,8 GB,128 GB,Yes,,19999,22999,realme 8s 5G 
SAMSUNG,Galaxy J2 - 2016 ,Black,1.5 GB,8 GB,Yes,4.0,6990,6990,SAMSUNG Galaxy J2 - 2016 
Apple,iPhone 6s ,Rose Gold,2 GB,32 GB,Yes,4.5,31999,31999,Apple iPhone 6s 
Nokia,C3 ,Sand,3 GB,32 GB,Yes,3.8,9999,9999,Nokia C3 
Apple,iPhone SE ,White,2 GB,64 GB,Yes,4.5,32999,39900,Apple iPhone SE 
ASUS,Zenfone Go 5.0 LTE ,White,2 GB,16 GB,Yes,3.7,4990,4990,ASUS Zenfone Go 5.0 LTE 
Nokia,105 SS 2021,Black,4 MB,4 MB,Yes,4.2,1349,1349,Nokia 105 SS 2021
Lenovo,A319 ,Black,512 MB,4 GB,Yes,3.6,4200,4200,Lenovo A319 
ASUS,ROG Phone 5 Ultimate ,White,18 GB,512 GB,Yes,,79999,85999,ASUS ROG Phone 5 Ultimate 
SAMSUNG,Galaxy A10 ,Black,2 GB,32 GB,Yes,4.3,8700,8700,SAMSUNG Galaxy A10 
Xiaomi,Redmi Note 5 ,Black,3 GB,32 GB,Yes,4.2,9990,9990,Xiaomi Redmi Note 5 
SAMSUNG,Galaxy A10 ,Gold,2 GB,32 GB,Yes,4.3,8700,8700,SAMSUNG Galaxy A10 
SAMSUNG,Galaxy A52s 5G ,Awesome Mint,8 GB,128 GB,Yes,4.3,37499,40999,SAMSUNG Galaxy A52s 5G 
Apple,iPhone 11 ,Yellow,4GB,64 GB,Yes,4.6,49900,49900,Apple iPhone 11 
Apple,iPhone 11 ,Green,4GB,128 GB,Yes,4.6,54900,54900,Apple iPhone 11 
SAMSUNG,Galaxy M21 ,Midnight Blue,4 GB,64 GB,Yes,4.3,15990,15990,SAMSUNG Galaxy M21 
Infinix,Hot 10S,Morandi Green,4 GB,64 GB,Yes,4.3,9999,12999,Infinix Hot 10S
SAMSUNG,Galaxy J5 ,Gold,1.5 GB,8 GB,Yes,4.3,10490,10490,SAMSUNG Galaxy J5 
SAMSUNG,Galaxy Note 8 ,Midnight Black,6 GB,64 GB,Yes,4.6,34899,74000,SAMSUNG Galaxy Note 8 
GIONEE,F103 Pro ,Grey,3 GB,16 GB,Yes,3.9,5290,5290,GIONEE F103 Pro 
SAMSUNG,Galaxy Note 10 Plus ,Aura Glow,12 GB,256 GB,Yes,4.6,59999,85000,SAMSUNG Galaxy Note 10 Plus 
Infinix,Hot S3,Topaz Blue,4 GB,64 GB,Yes,4.1,11999,11999,Infinix Hot S3
Apple,iPhone 11 Pro ,Silver,4GB,256 GB,Yes,4.6,79999,106600,Apple iPhone 11 Pro 
SAMSUNG,Galaxy Z Flip3 5G ,Lavender  ,8 GB,128 GB,Yes,4.3,88999,95999,SAMSUNG Galaxy Z Flip3 5G 
POCO,F3 GT,Gunmetal Silver,6 GB,128 GB,Yes,4.3,28999,32999,POCO F3 GT
Nokia,5.3,CYAN,6 GB,64 GB,Yes,3.7,12999,12999,Nokia 5.3
SAMSUNG,Galaxy Z Flip ,Mirror Black,8 GB,256 GB,Yes,,66000,66000,SAMSUNG Galaxy Z Flip 
realme,X50 Pro ,Moss Green,12 GB,256 GB,Yes,4.3,47999,47999,realme X50 Pro 
Apple,iPhone 11 ,Purple,4GB,256 GB,Yes,4.6,64900,64900,Apple iPhone 11 
Infinix,Zero 8i,Black Diamond,8 GB,128 GB,Yes,4.2,18999,18999,Infinix Zero 8i
SAMSUNG,Galaxy A7 ,Pearl White,2 GB,16 GB,Yes,4.1,19990,19990,SAMSUNG Galaxy A7 
Xiaomi,REDMI 9 Power ,Electric Green,4 GB,64 GB,Yes,4.2,11499,13999,Xiaomi REDMI 9 Power 
SAMSUNG,Galaxy A12 ,Blue,4 GB,128 GB,Yes,4.2,14999,14999,SAMSUNG Galaxy A12 
realme,9 5G,Stargaze White,6 GB,128 GB,Yes,4.8,17499,20999,realme 9 5G
OPPO,A5s,Green,4 GB,64 GB,Yes,4.4,15677,15677,OPPO A5s
OPPO,Reno6 Pro 5G,Aurora,12 GB,256 GB,Yes,4.4,39990,46990,OPPO Reno6 Pro 5G
SAMSUNG,Galaxy Alpha ,Dazzling White,2 GB,32 GB,Yes,3.6,19999,19999,SAMSUNG Galaxy Alpha 
realme,U1 ,Fiery Gold,3 GB,64 GB,Yes,4.4,11999,11999,realme U1 
Apple,iPhone 13 Pro Max ,Gold,6 GB,512 GB,Yes,,159900,159900,Apple iPhone 13 Pro Max 
SAMSUNG,Galaxy M20 ,Ocean Blue,32 GB,,Yes,4.2,9990,9990,SAMSUNG Galaxy M20 
HTC,U Ultra,Brilliant Black,4 GB,64 GB,Yes,4.0,62990,62990,HTC U Ultra
Xiaomi,Redmi Note 4 ,Gold,3 GB,32 GB,Yes,4.4,8590,8590,Xiaomi Redmi Note 4 
Apple,iPhone 11 Pro ,Midnight Green,4GB,256 GB,Yes,4.6,121300,121300,Apple iPhone 11 Pro 
SAMSUNG,Galaxy S21 Plus ,Phantom Violet,8 GB,128 GB,Yes,4.4,71999,100999,SAMSUNG Galaxy S21 Plus 
Apple,iPhone XR ,Blue,3 GB,256 GB,Yes,4.6,91900,91900,Apple iPhone XR 
Infinix,Smart 2,Bordeaux Red ,2 GB,16 GB,Yes,4.1,6999,6999,Infinix Smart 2
Lenovo,K8 Plus ,Venom Black,4 GB,32 GB,Yes,4.1,11999,11999,Lenovo K8 Plus 
LG,Q7+ ,Moroccan Blue,4 GB,64 GB,Yes,3.2,20998,20998,LG Q7+ 
SAMSUNG,Tizen Z3 ,Gold,1 GB,8 GB,Yes,3.3,6990,6990,SAMSUNG Tizen Z3 
LG,K10 2017 ,Titan,2 GB,16 GB,Yes,4.1,7499,7499,LG K10 2017 
OPPO,A16k,Blue,3 GB,32 GB,Yes,4.1,10490,10490,OPPO A16k
Xiaomi,Note 10 lite,Glacier White,4 GB,128 GB,Yes,4.3,14990,14990,Xiaomi Note 10 lite
SAMSUNG,Galaxy M11 ,Violet,3 GB,32 GB,Yes,4.2,11745,11745,SAMSUNG Galaxy M11 
Nokia,515,Black,512 MB,256 MB,Yes,3.0,8999,8999,Nokia 515
Infinix,Smart 4 Plus,Ocean Wave,3 GB,32 GB,Yes,4.4,9999,9999,Infinix Smart 4 Plus
SAMSUNG,Galaxy S9 Plus ,Lilac Purple,6 GB,64 GB,Yes,4.5,70000,70000,SAMSUNG Galaxy S9 Plus 
Motorola,X4,Sterling Blue,6 GB,64 GB,Yes,4.3,24999,24999,Motorola X4
Xiaomi,REDMI Note 9 ,Aqua Green,4 GB,64 GB,Yes,,11999,14999,Xiaomi REDMI Note 9 
Apple,iPhone 13 Pro Max ,Sierra Blue,6 GB,256 GB,Yes,,139900,139900,Apple iPhone 13 Pro Max 
LG,G7+ ThinQ ,Black,6 GB,128 GB,Yes,4.4,55000,55000,LG G7+ ThinQ 
SAMSUNG,Galaxy M32 ,Black,4 GB,64 GB,Yes,4.2,15490,15490,SAMSUNG Galaxy M32 
Xiaomi,Redmi 8A ,Midnight Black,2 GB,32 GB,Yes,4.4,7999,7999,Xiaomi Redmi 8A 
SAMSUNG,Galaxy S21 Ultra ,Phantom Silver,12 GB,256 GB,Yes,4.5,105999,128999,SAMSUNG Galaxy S21 Ultra 
SAMSUNG,Galaxy J7 Nxt ,Gold,3 GB,32 GB,Yes,4.3,12000,12000,SAMSUNG Galaxy J7 Nxt 
SAMSUNG,Galaxy A5 2016 Edition ,White,2 GB,16 GB,Yes,4.1,14490,14490,SAMSUNG Galaxy A5 2016 Edition 
Google Pixel,3,Not Pink,4 GB,128 GB,Yes,4.5,80000,80000,Google Pixel 3
vivo,Y1s ,Aurora Blue,4 GB,32 GB,Yes,4.4,22990,27990,vivo Y1s 
SAMSUNG,Z3 ,Black,1 GB,8 GB,Yes,3.4,5590,5590,SAMSUNG Z3 
realme,Narzo 20 Pro ,Black Ninja,8 GB,128 GB,Yes,4.3,16999,18999,realme Narzo 20 Pro 
GIONEE,Pioneer P2 ,Black,512 MB,4 GB,Yes,3.6,2290,2290,GIONEE Pioneer P2 
SAMSUNG,Galaxy J5 - 6 New 2016 Edition) ,Black,2 GB,16 GB,Yes,4.2,10990,10990,SAMSUNG Galaxy J5 - 6 New 2016 Edition) 
OPPO,F9 Pro,Starry Purple,6 GB,64 GB,Yes,4.5,21150,21150,OPPO F9 Pro
SAMSUNG,Galaxy J2 Ace ,Silver,1.5 GB,8 GB,Yes,4.1,8090,8090,SAMSUNG Galaxy J2 Ace 
SAMSUNG,Galaxy A30 ,Red,4 GB,64 GB,Yes,4.4,18000,18000,SAMSUNG Galaxy A30 
SAMSUNG,Galaxy A52s 5G ,Awesome Violet,8 GB,128 GB,Yes,4.5,37499,40999,SAMSUNG Galaxy A52s 5G 
LG,W41 Pro ,Laser Blue,6 GB,128 GB,Yes,3.7,10499,20000,LG W41 Pro 
realme,2,Diamond Black,3 GB,32 GB,Yes,4.5,9990,9990,realme 2
SAMSUNG,Galaxy Ace NXT ,Ceramic White,512 MB,4 GB,Yes,3.8,5490,5490,SAMSUNG Galaxy Ace NXT 
POCO,M2 Reloaded ,Grey,4 GB,64 GB,Yes,4.3,9999,11999,POCO M2 Reloaded 
realme,C3 ,Frozen Blue,3 GB,32 GB,Yes,4.4,9999,9999,realme C3 
Lenovo,A7 ,Blue,2 GB,32 GB,Yes,4.0,6950,8490,Lenovo A7 
OPPO,A52,Stream White,6 GB,128 GB,Yes,4.3,17999,17999,OPPO A52
realme,Narzo 30 ,Racing Silver,6 GB,128 GB,Yes,4.3,15499,16999,realme Narzo 30 
OPPO,F11 Pro Marvel? Avengers Limited Edition,Space Blue,6 GB,128 GB,Yes,,27990,31990,OPPO F11 Pro Marvel? Avengers Limited Edition
realme,X3 ,Glacier Blue,8 GB,128 GB,Yes,4.4,25999,27999,realme X3 
Xiaomi,Redmi 5 ,Black,3 GB,32 GB,Yes,4.4,9900,9900,Xiaomi Redmi 5 
HTC,626G Plus,White Birch,1 GB,8 GB,Yes,3.9,8999,8999,HTC 626G Plus
Apple,iPhone 6 Plus ,Silver,1 GB,64 GB,Yes,4.5,48999,48999,Apple iPhone 6 Plus 
POCO,C3 ,Matte Black,4 GB,64 GB,Yes,4.3,8999,10999,POCO C3 
Xiaomi,Redmi Y2 ,Gold,3 GB,32 GB,Yes,4.2,9468,10499,Xiaomi Redmi Y2 
Apple,iPhone 6 Plus ,Silver,1 GB,16 GB,Yes,4.5,40999,40999,Apple iPhone 6 Plus 
vivo,Y93,Nebula Purple,3 GB,64 GB,Yes,4.4,11990,11990,vivo Y93
GIONEE,Marathon M3 ,White,1 GB,8 GB,Yes,3.8,9599,9599,GIONEE Marathon M3 
OPPO,Ravichandran Ashwin Limited Edition,Black,4 GB,64 GB,Yes,4.4,22990,22990,OPPO Ravichandran Ashwin Limited Edition
Apple,iPhone 7 ,Jet Black,2 GB,256 GB,Yes,4.5,74400,74400,Apple iPhone 7 
Nokia,G10 ,Dusk | Purple,4 GB,64 GB,Yes,,12149,12149,Nokia G10 
SAMSUNG,SM-B310EZDDINS,Black,100 MB,100 MB,Yes,5.0,1949,1949,SAMSUNG SM-B310EZDDINS
SAMSUNG,Galaxy Note 20 ,Mystic Blue,8 GB,256 GB,Yes,4.3,54599,79997,SAMSUNG Galaxy Note 20 
OPPO,F3,Gold,4 GB,64 GB,Yes,4.3,18000,18000,OPPO F3
realme,1,Diamond Black,3 GB,32 GB,Yes,,11990,12990,realme 1
SAMSUNG,Galaxy Note 10 Plus ,Aura Black,12 GB,512 GB,Yes,4.6,95000,95000,SAMSUNG Galaxy Note 10 Plus 
OPPO,A53,Mint Cream,6 GB,128 GB,Yes,4.3,13990,17990,OPPO A53
OPPO,A5s,Blue,2 GB,32 GB,Yes,4.3,8990,12990,OPPO A5s
SAMSUNG,Galaxy F41 ,Fusion Green,6 GB,128 GB,Yes,4.3,14499,20999,SAMSUNG Galaxy F41 
ASUS,Zenfone Max ,Black,2 GB,32 GB,Yes,4.1,8499,8499,ASUS Zenfone Max 
OPPO,A53,Electric Black,6 GB,128 GB,Yes,4.3,13990,17990,OPPO A53
Apple,iPhone 13 Pro Max ,Sierra Blue,6 GB,,Yes,,139900,139900,Apple iPhone 13 Pro Max 
Nokia,150 TA-1235 DS,Black,4 MB,4 MB,Yes,4.1,2480,2599,Nokia 150 TA-1235 DS
OPPO,Reno6 Pro 5G,Majestic Gold,12 GB,256 GB,Yes,4.4,41990,45990,OPPO Reno6 Pro 5G
Nokia,5.3,CHARCOAL,4 GB,64 GB,Yes,3.5,10999,10999,Nokia 5.3
OPPO,N5111,White,2 GB,16 GB,Yes,3.1,9990,9990,OPPO N5111
Motorola,G4 Plus,White,2 GB,16 GB,Yes,4.0,5999,5999,Motorola G4 Plus
Apple,iPhone 12 ,White,4GB,128 GB,Yes,4.6,68999,70900,Apple iPhone 12 
Apple,iPhone 13 Pro Max,Gold,4GB,512 GB,Yes,4.7,159900,159900,Apple iPhone 13 Pro Max
SAMSUNG,Galaxy M31 ,Ocean Blue,8 GB,128 GB,Yes,4.3,18654,18950,SAMSUNG Galaxy M31 
SAMSUNG,Guru FM Plus,Black,,2 MB,Yes,4.2,1445,1445,SAMSUNG Guru FM Plus
Infinix,Note 11 ,Graphite Black,4 GB,64 GB,Yes,4.3,12499,14999,Infinix Note 11 
POCO,C3 ,Arctic Blue,4 GB,64 GB,Yes,4.3,8999,10999,POCO C3 
Xiaomi,Redmi Y3 ,Prime Black,3 GB,32 GB,Yes,4.2,9950,9950,Xiaomi Redmi Y3 
SAMSUNG,Galaxy Note 10 Plus ,Aura White,12 GB,256 GB,Yes,4.6,59999,85000,SAMSUNG Galaxy Note 10 Plus 
Xiaomi,Redmi Note 7S ,Onyx Black,4 GB,64 GB,Yes,4.4,13900,13900,Xiaomi Redmi Note 7S 
SAMSUNG,Galaxy Note 10 Plus ,Aura Black,12 GB,256 GB,Yes,4.6,59999,85000,SAMSUNG Galaxy Note 10 Plus 
SAMSUNG,Galaxy A72 ,Awesome Violet,8 GB,128 GB,Yes,4.3,34999,41999,SAMSUNG Galaxy A72 
Apple,iPhone 12 ,Purple,4GB,128 GB,Yes,4.6,68999,84900,Apple iPhone 12 
SAMSUNG,M32 5G ,Slate Black,6 GB,128 GB,Yes,,21999,23999,SAMSUNG M32 5G 
realme,6,Comet Blue,6 GB,64 GB,Yes,4.4,14999,17999,realme 6
POCO,X3 Pro ,Graphite Black,8 GB,128 GB,Yes,4.4,20999,25999,POCO X3 Pro 
SAMSUNG,Guru 1200,Black,,2 MB,Yes,4.3,1200,1200,SAMSUNG Guru 1200
OPPO,F5,Black,4 GB,32 GB,Yes,4.4,15500,15500,OPPO F5
Lenovo,K9 Note ,Black,4 GB,64 GB,Yes,4.1,11999,11999,Lenovo K9 Note 
Motorola,G5s,Oxford Blue,4 GB,32 GB,Yes,4.1,9869,9869,Motorola G5s
Apple,iPhone 12 ,Red,4GB,64 GB,Yes,4.6,63999,65900,Apple iPhone 12 
Apple,iPhone 13 Pro Max,Silver,4GB,128 GB,Yes,4.7,129900,129900,Apple iPhone 13 Pro Max
OPPO,A83,Black,3 GB,32 GB,Yes,4.4,13490,13490,OPPO A83
OPPO,A53,Fancy Blue,4 GB,64 GB,Yes,4.5,13499,13499,OPPO A53
vivo,X21,Black,6 GB,128 GB,Yes,4.3,35399,36900,vivo X21
SAMSUNG,Galaxy A6 ,Black,4 GB,32 GB,Yes,4.3,12499,22990,SAMSUNG Galaxy A6 
Lenovo,A7700 ,Black,2 GB,16 GB,Yes,3.9,6499,6499,Lenovo A7700 
realme,8 5G ,Supersonic Blue,8 GB,128 GB,Yes,4.3,18499,18999,realme 8 5G 
OPPO,A9 2020,Marine Green,8 GB,128 GB,Yes,4.3,15990,21990,OPPO A9 2020
SAMSUNG,Galaxy M30s ,Black,4 GB,64 GB,Yes,4.3,14990,14990,SAMSUNG Galaxy M30s 
Apple,iPhone 11 Pro ,Gold,4GB,256 GB,Yes,4.6,79999,106600,Apple iPhone 11 Pro 
Xiaomi,Redmi Note 4 ,Black,3 GB,32 GB,Yes,4.3,9499,9499,Xiaomi Redmi Note 4 
SAMSUNG,Galaxy J7 ,Gold,1.5 GB,16 GB,Yes,4.3,11700,11700,SAMSUNG Galaxy J7 
vivo,V9,Pearl Black,4 GB,64 GB,Yes,4.5,18990,18990,vivo V9
POCO,M3 ,Yellow,4 GB,64 GB,Yes,4.3,10999,11999,POCO M3 
SAMSUNG,Galaxy Core Prime ,Charcoal Grey,1 GB,8 GB,Yes,4.1,5490,9700,SAMSUNG Galaxy Core Prime 
ASUS,Zenfone Selfie ,Gold,3 GB,32 GB,Yes,4.0,7990,7990,ASUS Zenfone Selfie 
SAMSUNG,Galaxy Note 20 ,Mystic Green,8 GB,256 GB,Yes,4.3,77999,86000,SAMSUNG Galaxy Note 20 
vivo,V23 Pro 5G,Sunshine Gold,12 GB,256 GB,Yes,4.1,43990,45990,vivo V23 Pro 5G
Motorola,One,Black,4 GB,64 GB,Yes,4.1,14999,14999,Motorola One
Xiaomi,Mi 11X ,Celestial Silver,8 GB,128 GB,Yes,4.4,26824,26824,Xiaomi Mi 11X 
SAMSUNG,Galaxy S5 ,Shimmery White,2 GB,16 GB,Yes,3.9,21999,21999,SAMSUNG Galaxy S5 
Nokia,110 4G,Black,128 MB,48 MB,Yes,,2999,2999,Nokia 110 4G
SAMSUNG,Galaxy On7 ,Black,1.5 GB,8 GB,Yes,4.2,8490,8490,SAMSUNG Galaxy On7 
Nokia,2.2,Black,3 GB,32 GB,Yes,4.0,9599,9599,Nokia 2.2
Nokia,8110,Yellow,512 MB,4 GB,Yes,3.7,3400,8400,Nokia 8110
GIONEE,F103 ,Black,2 GB,16 GB,Yes,4.0,4599,4599,GIONEE F103 
Apple,iPhone 6 Plus ,Silver,1 GB,128 GB,Yes,4.5,48999,48999,Apple iPhone 6 Plus 
Motorola,2nd Generation ,Black,1 GB,16 GB,Yes,4.2,8999,8999,Motorola 2nd Generation 
LG,G5 ,Titan,4 GB,32 GB,Yes,4.0,22999,22999,LG G5 
SAMSUNG,Galaxy Trend ,Midnight Black,512 MB,4 GB,Yes,3.6,4999,4999,SAMSUNG Galaxy Trend 
OPPO,F17 Pro,Magic Blue,8 GB,128 GB,Yes,4.3,19990,25990,OPPO F17 Pro
ASUS,Zenfone Go ,Grey,2 GB,32 GB,Yes,3.8,6999,6999,ASUS Zenfone Go 
realme,Narzo 30 ,Racing Silver,6 GB,64 GB,Yes,4.3,14499,15999,realme Narzo 30 
realme,2,Diamond Blue,4 GB,64 GB,Yes,4.4,11990,11990,realme 2
OPPO,A15S,Rainbow Silver,4 GB,64 GB,Yes,4.3,12990,13990,OPPO A15S
realme,3,Diamond Red,3 GB,32 GB,Yes,4.5,8499,10999,realme 3
LG,Max X160 ,Silver Titan,1 GB,8 GB,Yes,3.4,5000,11500,LG Max X160 
POCO,M3 Pro 5G ,Power Black,6 GB,128 GB,Yes,4.2,16499,17999,POCO M3 Pro 5G 
Apple,iPhone 11 Pro ,Midnight Green,4GB,256 GB,Yes,4.6,121300,121300,Apple iPhone 11 Pro 
POCO,F1,Graphite Black,6 GB,64 GB,Yes,4.5,21999,21999,POCO F1
realme,C15 Qualcomm Edition ,Power Blue,3 GB,32 GB,Yes,4.3,11999,11999,realme C15 Qualcomm Edition 
SAMSUNG,Galaxy A7 ,Gold,4 GB,64 GB,Yes,4.4,22300,22300,SAMSUNG Galaxy A7 
Apple,iPhone SE ,White,2 GB,64 GB,Yes,4.5,32999,39900,Apple iPhone SE 
Nokia,3.1,White,3 GB,32 GB,Yes,4.0,7490,13824,Nokia 3.1
LG,V20a ,Titan,4 GB,64 GB,Yes,4.1,30990,30990,LG V20a 
OPPO,A74 5G BLACK,Fluid Black,6 GB,128 GB,Yes,4.3,18380,18380,OPPO A74 5G BLACK
OPPO,F9,Mist Black,4 GB,64 GB,Yes,4.5,19000,19000,OPPO F9
Nokia,C01 Plus ,Blue,2 GB,16 GB,Yes,,6499,6499,Nokia C01 Plus 
Lenovo,P70 ,Blue,2 GB,16 GB,Yes,3.5,6989,6989,Lenovo P70 
Lenovo,P2 ,Gold,3 GB,32 GB,Yes,4.3,16999,16999,Lenovo P2 
Apple,iPhone 12 Mini ,Black,4GB,64 GB,Yes,4.5,56999,59900,Apple iPhone 12 Mini 
vivo,V20 SE ,Aquamarine Green,8 GB,128 GB,Yes,4.3,12900,12900,vivo V20 SE 
Lenovo,X2-AP ,White,2 GB,32 GB,Yes,3.7,9999,9999,Lenovo X2-AP 
SAMSUNG,Galaxy A30 ,White,4 GB,64 GB,Yes,4.4,18000,18000,SAMSUNG Galaxy A30 
SAMSUNG,Galaxy F41 ,Fusion Blue,6 GB,128 GB,Yes,4.3,14499,20999,SAMSUNG Galaxy F41 
Nokia,8,Tempered Blue,4 GB,64 GB,Yes,4.0,36999,36999,Nokia 8
SAMSUNG,Metro SM-B313ez,Black,,Expandable Upto 16 GB,Yes,4.1,2340,2340,SAMSUNG Metro SM-B313ez
realme,Narzo 30 5G ,Racing Blue,6 GB,128 GB,Yes,4.3,16999,17999,realme Narzo 30 5G 
Lenovo,K6 Note ,Grey,3 GB,32 GB,Yes,4.1,6999,6999,Lenovo K6 Note 
Apple,iPhone 7 Plus ,Gold,3 GB,256 GB,Yes,4.5,85400,85400,Apple iPhone 7 Plus 
POCO,F3 GT,Gunmetal Silver,8 GB,128 GB,Yes,4.3,28999,34999,POCO F3 GT
realme,C15 ,Power Silver,3 GB,,Yes,4.3,9999,11999,realme C15 
SAMSUNG,Galaxy F12 ,Sea Green,4 GB,64 GB,Yes,4.2,11499,12999,SAMSUNG Galaxy F12 
vivo,Y12G ,Phantom Black,3 GB,64 GB,Yes,4.4,27990,27990,vivo Y12G 
OPPO,F19 Pro+ 5G,Fluid Black,8 GB,128 GB,Yes,4.3,25990,29990,OPPO F19 Pro+ 5G
Xiaomi,11 Lite NE,Tuscany Coral,6 GB,128 GB,Yes,4.4,28999,28999,Xiaomi 11 Lite NE
realme,C25 ,Watery Blue,4 GB,64 GB,Yes,4.4,9999,10999,realme C25 
OPPO,F19,Space Silver,6 GB,128 GB,Yes,4.2,19990,20990,OPPO F19
realme,8,Cyber Silver,4 GB,128 GB,Yes,4.3,15999,16999,realme 8
SAMSUNG,Galaxy S9 ,Coral Blue,4 GB,128 GB,Yes,4.4,61900,61900,SAMSUNG Galaxy S9 
LG,Q60 ,Blue,3 GB,64 GB,Yes,4.0,9990,9990,LG Q60 
SAMSUNG,Galaxy M02 ,Red,3 GB,32 GB,Yes,4.0,8083,8188,SAMSUNG Galaxy M02 
LG,X Cam ,Titan Silver,2 GB,16 GB,Yes,3.5,9999,9999,LG X Cam 
GIONEE,Elife E3 ,White,1 GB,16 GB,Yes,4.3,4200,4200,GIONEE Elife E3 
SAMSUNG,Galaxy Note10 Lite ,Aura Red,8 GB,128 GB,Yes,4.3,39999,45000,SAMSUNG Galaxy Note10 Lite 
SAMSUNG,Galaxy S21 Plus ,Phantom Silver,8 GB,256 GB,Yes,4.4,75999,104999,SAMSUNG Galaxy S21 Plus 
Lenovo,A6 Note ,Blue,3 GB,32 GB,Yes,4.2,9999,9999,Lenovo A6 Note 
realme,Narzo 10A ,So Blue,4 GB,64 GB,Yes,4.5,9999,10999,realme Narzo 10A 
SAMSUNG,Galaxy Star Pro ,Midnight Black,512 MB,4 GB,Yes,3.8,4299,4299,SAMSUNG Galaxy Star Pro 
POCO,M2  ,Slate Blue,6 GB,128 GB,Yes,4.4,11499,14999,POCO M2  
OPPO,A15,Dynamic Black,3 GB,32 GB,Yes,4.3,10990,12990,OPPO A15
SAMSUNG,Galaxy Grand Prime 4g ,Grey,1 GB,8 GB,Yes,3.9,8250,8250,SAMSUNG Galaxy Grand Prime 4g 
OPPO,K3,Aurora Blue,8 GB,128 GB,Yes,4.2,29999,29999,OPPO K3
Apple,iPhone 12 Pro Max ,Silver,,256 GB,Yes,4.6,129900,129900,Apple iPhone 12 Pro Max 
SAMSUNG,Galaxy S6 Edge ,Gold Platinum,3 GB,32 GB,Yes,4.0,29999,29999,SAMSUNG Galaxy S6 Edge 
OPPO,A15,Mystery Blue,2 GB,32 GB,Yes,4.0,9989,9989,OPPO A15
SAMSUNG,Galaxy S8 ,Burgundy Red,4 GB,64 GB,Yes,4.6,49990,49990,SAMSUNG Galaxy S8 
vivo,Y53s ,Fantastic Rainbow,8 GB,128 GB,Yes,4.3,14500,14500,vivo Y53s 
Lenovo,K6 Power ,dark gold,3 GB,32 GB,Yes,4.1,7499,7499,Lenovo K6 Power 
OPPO,A3s,Red,2 GB,16 GB,Yes,4.4,9500,9500,OPPO A3s
GIONEE,F10 Plus ,Rainbow Black,3 GB,32 GB,Yes,,8590,8590,GIONEE F10 Plus 
Lenovo,K8 Plus ,Fine Gold,3 GB,32 GB,Yes,4.2,10999,10999,Lenovo K8 Plus 
SAMSUNG,Guru FM Plus,Black,4 MB,4 MB,Yes,,4500,4500,SAMSUNG Guru FM Plus
realme,3,Radiant Blue,4 GB,64 GB,Yes,4.4,10499,12999,realme 3
realme,8 Pro ,Infinite Blue,8 GB,128 GB,Yes,4.4,19999,21999,realme 8 Pro 
Nokia,5,Copper,3 GB,16 GB,Yes,4.1,15299,15299,Nokia 5
Motorola,E6s,Caribbean Blue,4 GB,64 GB,Yes,4.1,7999,9999,Motorola E6s
OPPO,A7,Glaze Blue,4 GB,64 GB,Yes,4.4,10990,18990,OPPO A7
HTC,Wildfire X ,Blue MB,3 GB,32 GB,Yes,3.9,13999,13999,HTC Wildfire X 
Apple,iPhone 11 Pro Max ,Silver,4GB,64 GB,Yes,4.7,117100,117100,Apple iPhone 11 Pro Max 
SAMSUNG,Galaxy A6 ,Gold,4 GB,32 GB,Yes,4.3,12499,22000,SAMSUNG Galaxy A6 
ASUS,Zenfone Go 4.5 LTE ,Gold,1 GB,8 GB,Yes,3.6,4880,4880,ASUS Zenfone Go 4.5 LTE 
Apple,iPhone 7 ,Jet Black,2 GB,32 GB,Yes,4.5,24999,31500,Apple iPhone 7 
SAMSUNG,GURU FM PLUS,Black,4 MB,256 MB,Yes,,1662,1662,SAMSUNG GURU FM PLUS
Apple,iPhone 11 ,Purple,4GB,64 GB,Yes,4.6,49900,49900,Apple iPhone 11 
vivo,T1 5G,Starlight Black,8 GB,128 GB,Yes,,19990,23990,vivo T1 5G
SAMSUNG,Galaxy Grand Quattro ,Titan Gray,1 GB,8 GB,Yes,4.0,5999,5999,SAMSUNG Galaxy Grand Quattro 
ASUS,Zenfone Go 4.5 LTE ,Silver,1 GB,8 GB,Yes,3.6,4890,4890,ASUS Zenfone Go 4.5 LTE 
SAMSUNG,Galaxy M30 ,Gradation Black,6 GB,128 GB,Yes,4.3,15900,19590,SAMSUNG Galaxy M30 
realme,1,Moonlight Silver,3 GB,,Yes,,10999,12990,realme 1
Xiaomi,Mi 10 ,Twilight Grey,8 GB,256 GB,Yes,4.2,45871,45871,Xiaomi Mi 10 
Xiaomi,Note 10 lite,Glacier White,4 GB,64 GB,Yes,4.3,15998,15998,Xiaomi Note 10 lite
SAMSUNG,Galaxy A50s ,Prism Crush White,6 GB,128 GB,Yes,4.3,21099,26900,SAMSUNG Galaxy A50s 
realme,X ,Onion,8 GB,128 GB,Yes,4.5,20999,20999,realme X 
ASUS,ZenFone 5Z ,Midnight Blue,6 GB,128 GB,Yes,4.5,36299,36299,ASUS ZenFone 5Z 
OPPO,F1S,Rose Gold,4 GB,64 GB,Yes,4.3,18990,18990,OPPO F1S
POCO,F3 GT,Predator Black,6 GB,128 GB,Yes,4.3,28999,32999,POCO F3 GT
SAMSUNG,Galaxy On8 ,Black,3 GB,16 GB,Yes,4.3,13490,13490,SAMSUNG Galaxy On8 
Google Pixel,3 XL ,Clearly White,4 GB,64 GB,Yes,4.6,83000,83000,Google Pixel 3 XL 
realme,U1 ,Brave Blue,3 GB,64 GB,Yes,4.4,9999,11999,realme U1 
SAMSUNG,Galaxy Pocket Neo ,Metallic Silver,512 MB,4 GB,Yes,3.9,5000,5000,SAMSUNG Galaxy Pocket Neo 
ASUS,Zenfone Go ,Silver Blue,2 GB,32 GB,Yes,3.8,7300,7300,ASUS Zenfone Go 
realme,C3 ,Volcano Grey,3 GB,32 GB,Yes,4.4,8999,8999,realme C3 
IQOO,3,Quantum Silver,8 GB,128 GB,Yes,4.4,34990,37990,IQOO 3
Lenovo,A7 ,Black,4 GB,64 GB,Yes,3.9,8490,9999,Lenovo A7 
SAMSUNG,GALAXY M51 ,Celestial Black,6 GB,128 GB,Yes,4.3,24990,24990,SAMSUNG GALAXY M51 
SAMSUNG,Galaxy Note 5 Dual ,Gold Platinum,4 GB,32 GB,Yes,4.1,39899,39899,SAMSUNG Galaxy Note 5 Dual 
SAMSUNG,Galaxy M10S ,Metallic Blue,3 GB,32 GB,Yes,4.4,8990,10000,SAMSUNG Galaxy M10S 
POCO,M2 Pro,Out of Blue,6 GB,128 GB,Yes,4.4,15999,19999,POCO M2 Pro
HTC,626G Plus,Blue Lagoon,1 GB,8 GB,Yes,3.9,8999,8999,HTC 626G Plus
Xiaomi,Redmi Note 11T 5G,Matte Black,8 GB,128 GB,Yes,4.3,22189,22189,Xiaomi Redmi Note 11T 5G
ASUS,Zenfone Max Pro M1 ,Black,6 GB,64 GB,Yes,4.3,17999,17999,ASUS Zenfone Max Pro M1 
Apple,iPhone 6 Plus ,Space Grey,1 GB,128 GB,Yes,4.5,80500,80500,Apple iPhone 6 Plus 
realme,6,Comet White,4 GB,64 GB,Yes,4.4,13999,14999,realme 6
Xiaomi,Mi 10T ,Lunar Silver,6 GB,128 GB,Yes,4.3,32999,39999,Xiaomi Mi 10T 
POCO,M2 Pro,Two shades of black,6 GB,64 GB,Yes,4.4,14999,17999,POCO M2 Pro
SAMSUNG,M31 Prime ,IceBerg Blue,6 GB,128 GB,Yes,4.3,17259,17259,SAMSUNG M31 Prime 
SAMSUNG,Galaxy A52 ,Awesome Violet,6 GB,128 GB,Yes,4.3,27499,30499,SAMSUNG Galaxy A52 
Apple,iPhone 12 ,Blue,4GB,256 GB,Yes,4.6,78999,80900,Apple iPhone 12 
OPPO,F15,Lightening Black,4 GB,128 GB,Yes,4.4,15990,20990,OPPO F15
Xiaomi,Mi A3 ,Kind of Grey,4 GB,64 GB,Yes,4.3,12990,14990,Xiaomi Mi A3 
Apple,iPhone 7 ,Gold,2 GB,256 GB,Yes,4.5,74400,74400,Apple iPhone 7 
SAMSUNG,Galaxy A51 ,Prism Crush White,6 GB,128 GB,Yes,4.3,20999,25999,SAMSUNG Galaxy A51 
SAMSUNG,Galaxy M02 ,Blue,3 GB,32 GB,Yes,4.0,8892,8892,SAMSUNG Galaxy M02 
SAMSUNG,Galaxy M32 ,Light Blue,6 GB,128 GB,Yes,4.4,16998,18439,SAMSUNG Galaxy M32 
ASUS,Zenfone Max Pro M1 ,Black,3 GB,32 GB,Yes,4.3,13199,13199,ASUS Zenfone Max Pro M1 
realme,8s 5G ,Universe Purple,8 GB,128 GB,Yes,,19999,22999,realme 8s 5G 
ASUS,6Z ,Silver,6 GB,128 GB,Yes,4.3,38999,38999,ASUS 6Z 
ASUS,Zenfone Max Pro M1 ,Grey,4 GB,64 GB,Yes,4.3,15599,15599,ASUS Zenfone Max Pro M1 
Xiaomi,Redmi 6 Pro ,Gold,4 GB,64 GB,Yes,4.5,12349,12999,Xiaomi Redmi 6 Pro 
SAMSUNG,Galaxy E5 ,Black,1.5 GB,16 GB,Yes,4.2,9890,9890,SAMSUNG Galaxy E5 
SAMSUNG,Metro 313,Black,4 MB,2 MB,Yes,4.2,2336,2336,SAMSUNG Metro 313
Infinix,Hot S3,Blush Gold,4 GB,64 GB,Yes,4.1,11999,11999,Infinix Hot S3
realme,7 Pro ,Sun Kissed Leather,6 GB,128 GB,Yes,4.4,19999,20999,realme 7 Pro 
Apple,iPhone 11 Pro ,Space Grey,4GB,512 GB,Yes,4.6,140300,140300,Apple iPhone 11 Pro 
OPPO,F19 Pro,Fluid Black,8 GB,128 GB,Yes,4.3,21990,23990,OPPO F19 Pro
GIONEE,S Plus ,Gold,3 GB,16 GB,Yes,3.7,7350,18279,GIONEE S Plus 
Xiaomi,9A Sport,Coral Green,3 GB,32 GB,Yes,4.3,7798,7798,Xiaomi 9A Sport
Xiaomi,Redmi K20 ,Pearl White,6 GB,64 GB,Yes,4.5,20899,21999,Xiaomi Redmi K20 
Apple,iPhone 7 ,Jet Black,2 GB,32 GB,Yes,4.5,24999,31500,Apple iPhone 7 
OPPO,A15,Rainbow Silver,2 GB,32 GB,Yes,4.0,9490,9500,OPPO A15
Lenovo,K8 Note ,Fine Gold,3 GB,32 GB,Yes,4.1,7490,7490,Lenovo K8 Note 
LG,Q7 ,Moroccan Blue,3 GB,32 GB,Yes,3.3,16790,16790,LG Q7 
SAMSUNG,Galaxy A2 Core ,Gold,1 GB,16 GB,Yes,4.2,5900,5900,SAMSUNG Galaxy A2 Core 
Xiaomi,Redmi Y2 ,Dark Grey,3 GB,32 GB,Yes,4.2,9499,9499,Xiaomi Redmi Y2 
Infinix,Smart 2,Serene Gold,2 GB,16 GB,Yes,4.1,6949,6999,Infinix Smart 2
OPPO,A16,Blue,3 GB,32 GB,Yes,3.7,10490,10490,OPPO A16
vivo,X60 Pro,Midnight Black,12 GB,256 GB,Yes,4.4,54990,54990,vivo X60 Pro
OPPO,A12,Flowing Silver,3 GB,32 GB,Yes,4.4,9490,10990,OPPO A12
SAMSUNG,Galaxy S6 Edge ,Gold Platinum,3 GB,64 GB,Yes,4.0,53900,53900,SAMSUNG Galaxy S6 Edge 
SAMSUNG,Galaxy On6 ,Blue,4 GB,64 GB,Yes,4.3,17600,17600,SAMSUNG Galaxy On6 
realme,6,Comet White,6 GB,128 GB,Yes,4.4,15999,16999,realme 6
Google Pixel,3a XL ,Clearly White,4 GB,64 GB,Yes,4.5,44999,44999,Google Pixel 3a XL 
SAMSUNG,Metro 313,Black,512 MB,2 MB,Yes,4.1,2599,2599,SAMSUNG Metro 313
ASUS,Zenfone Max Pro M1 ,Blue,4 GB,64 GB,Yes,4.3,15599,15599,ASUS Zenfone Max Pro M1 
SAMSUNG,Galaxy Note10 Lite ,Aura Black,6 GB,128 GB,Yes,4.3,39990,39990,SAMSUNG Galaxy Note10 Lite 
Nokia,C01 Plus ,Blue,2 GB,16 GB,Yes,,6499,6499,Nokia C01 Plus 
SAMSUNG,Metro 360,Black,64 MB,100 MB,Yes,4.2,3499,3499,SAMSUNG Metro 360
Xiaomi,Mi 11 Lite ,Vinyl Black,8 GB,128 GB,Yes,4.2,23999,25999,Xiaomi Mi 11 Lite 
Apple,iPhone 8 Plus ,Silver,3 GB,256 GB,Yes,4.6,84900,84900,Apple iPhone 8 Plus 
SAMSUNG,Galaxy Note 3 ,Jet Black,3 GB,32 GB,Yes,4.2,21999,21999,SAMSUNG Galaxy Note 3 
realme,6 Pro ,Lightning Orange,8 GB,128 GB,Yes,4.4,19499,19499,realme 6 Pro 
OPPO,Reno5 Pro 5G,Astral Blue,8 GB,128 GB,Yes,4.4,35990,38990,OPPO Reno5 Pro 5G
GIONEE,F103 3GB Version ,White,3 GB,16 GB,Yes,3.5,6598,6598,GIONEE F103 3GB Version 
realme,C15 ,Power Blue,3 GB,32 GB,Yes,4.3,9999,11999,realme C15 
Xiaomi,Redmi Note 7 Pro ,Neptune Blue,6 GB,128 GB,Yes,3.8,16399,16399,Xiaomi Redmi Note 7 Pro 
Apple,iPhone 7 Plus ,Silver,3 GB,32 GB,Yes,4.5,36999,37900,Apple iPhone 7 Plus 
Apple,iPhone 13 ,Pink,4GB,256 GB,Yes,,89900,89900,Apple iPhone 13 
Nokia,C01 Plus ,Blue,2 GB,16 GB,Yes,,6499,6499,Nokia C01 Plus 
LG,G3 Stylus ,Black Titan,1 GB,8 GB,Yes,4.1,13990,13990,LG G3 Stylus 
realme,C15 ,Power Silver,3 GB,32 GB,Yes,4.3,9999,11999,realme C15 
LG,L Bello ,Black Titan,1 GB,8 GB,Yes,3.9,7000,17000,LG L Bello 
Nokia,2.4,Fjord Blue,3 GB,64 GB,Yes,4.0,10399,11499,Nokia 2.4
Apple,iPhone 11 Pro ,Silver,4GB,512 GB,Yes,4.6,140300,140300,Apple iPhone 11 Pro 
Nokia,6.1,Copper,4 GB,32 GB,Yes,4.0,12999,19999,Nokia 6.1
ASUS,ZenFone Max Pro M2 ,Titanium,3 GB,32 GB,Yes,4.3,15999,15999,ASUS ZenFone Max Pro M2 
Apple,iPhone 8 Plus ,Red,3 GB,64 GB,Yes,4.6,49900,49900,Apple iPhone 8 Plus 
POCO,M2 Pro,Out of Blue,4 GB,64 GB,Yes,4.4,13999,16999,POCO M2 Pro
SAMSUNG,Galaxy F62 ,Laser Green,6 GB,128 GB,Yes,4.2,23999,29999,SAMSUNG Galaxy F62 
Apple,iPhone 11 Pro ,Midnight Green,4GB,256 GB,Yes,4.6,79999,106600,Apple iPhone 11 Pro 
SAMSUNG,Galaxy A71 ,Prism Crush Black,8 GB,128 GB,Yes,4.4,27499,34999,SAMSUNG Galaxy A71 
SAMSUNG,Galaxy A32 ,Awesome Blue,6 GB,128 GB,Yes,4.1,21700,21700,SAMSUNG Galaxy A32 
HTC,Desire 816  ,Dark Grey,1.5 GB,8 GB,Yes,4.1,27390,27390,HTC Desire 816  
Apple,iPhone 6 Plus ,Space Grey,1 GB,16 GB,Yes,4.5,39999,39999,Apple iPhone 6 Plus 
SAMSUNG,Galaxy A50 ,Blue,6 GB,64 GB,Yes,4.4,21990,21990,SAMSUNG Galaxy A50 
Apple,iPhone 7 Plus ,Red,3 GB,256 GB,Yes,5.0,85400,85400,Apple iPhone 7 Plus 
Infinix,Note 10 Pro,Black,8 GB,256 GB,Yes,4.2,16999,19999,Infinix Note 10 Pro
OPPO,F19,Prism Black,6 GB,128 GB,Yes,4.2,19990,20990,OPPO F19
Apple,iPhone 12 Mini ,Blue,4GB,64 GB,Yes,4.5,56999,59900,Apple iPhone 12 Mini 
GIONEE,S96,Black,8 MB,16 MB,Yes,3.7,1099,1999,GIONEE S96
SAMSUNG,Galaxy A9 Pro ,White,4 GB,32 GB,Yes,4.3,26900,26900,SAMSUNG Galaxy A9 Pro 
Lenovo,Vibe K5 Plus ,Dark Grey,2 GB,16 GB,Yes,4.0,8499,8499,Lenovo Vibe K5 Plus 
Infinix,Note 5,Ice Blue,3 GB,32 GB,Yes,4.2,10399,10399,Infinix Note 5
SAMSUNG,Galaxy A5 ,Champagne Gold,2 GB,16 GB,Yes,4.1,17990,17990,SAMSUNG Galaxy A5 
OPPO,F9 Pro,Sunrise Red,6 GB,64 GB,Yes,4.5,19990,25000,OPPO F9 Pro
Apple,iPhone XR ,Red,3 GB,128 GB,Yes,4.6,47999,52900,Apple iPhone XR 
Nokia,3310 DS 2020,Black,16 MB,Expandable Upto 32 GB,Yes,3.8,3999,3999,Nokia 3310 DS 2020
Nokia,110 4G,Black,128 MB,48 MB,Yes,,3075,3075,Nokia 110 4G
GIONEE,P7 ,Gold,2 GB,16 GB,Yes,3.8,4450,4450,GIONEE P7 
SAMSUNG,Galaxy M32 ,Black,4 GB,64 GB,Yes,4.2,14749,15980,SAMSUNG Galaxy M32 
Apple,iPhone 12 Pro Max ,Pacific Blue,,512 GB,Yes,4.6,149900,149900,Apple iPhone 12 Pro Max 
realme,C11 2021 ,Cool Grey,4 GB,64 GB,Yes,4.2,8799,9999,realme C11 2021 
realme,9 5G SE,Starry Glow,8 GB,128 GB,Yes,4.5,22999,26999,realme 9 5G SE
Motorola,M,Grey,3 GB,32 GB,Yes,3.9,14999,14999,Motorola M
SAMSUNG,Galaxy S10e ,Prism Black,6 GB,128 GB,Yes,4.5,59000,59000,SAMSUNG Galaxy S10e 
vivo,Y21 ,Diamond Glow,6 GB,128 GB,Yes,4.3,32990,32990,vivo Y21 
SAMSUNG,Galaxy S9 Plus ,Sunrise Gold,6 GB,128 GB,Yes,4.5,68900,68900,SAMSUNG Galaxy S9 Plus 
Apple,iPhone 11 Pro Max ,Midnight Green,4GB,512 GB,Yes,4.7,150800,150800,Apple iPhone 11 Pro Max 
GIONEE,Ctrl V4S ,White,1 GB,8 GB,Yes,3.6,3999,3999,GIONEE Ctrl V4S 
GIONEE,Pioneer P4 ,Black,1 GB,8 GB,Yes,3.8,7150,7150,GIONEE Pioneer P4 
OPPO,A16,Royal Gold,4 GB,64 GB,Yes,4.3,13490,13490,OPPO A16
SAMSUNG,Galaxy J6 Plus ,Blue,4 GB,64 GB,Yes,4.3,13600,13600,SAMSUNG Galaxy J6 Plus 
HTC,Desire 820,Saffron Grey,2 GB,16 GB,Yes,4.1,25999,25999,HTC Desire 820
HTC,Desire 626,Dark Grey,2 GB,16 GB,Yes,3.7,15490,15490,HTC Desire 626
Xiaomi,Redmi Note 7 Pro ,Space Black,6 GB,128 GB,Yes,4.1,17999,17999,Xiaomi Redmi Note 7 Pro 
realme,Narzo 50A ,Oxygen Blue,4 GB,64 GB,Yes,4.3,11499,12999,realme Narzo 50A 
OPPO,K3,Jade Black,6 GB,64 GB,Yes,4.3,24990,24990,OPPO K3
OPPO,A11K,Deep Blue,2 GB,32 GB,Yes,4.2,8990,10990,OPPO A11K
Infinix,Hot 6 Pro,Magic Gold,3 GB,32 GB,Yes,4.3,8999,8999,Infinix Hot 6 Pro
realme,U1 ,Fiery Gold,3 GB,32 GB,Yes,4.4,8490,8490,realme U1 
OPPO,Reno4 Pro,Silky White,8 GB,128 GB,Yes,4.4,34990,37990,OPPO Reno4 Pro
realme,9 Pro 5G,Aurora Green,6 GB,128 GB,Yes,4.4,17999,21999,realme 9 Pro 5G
Apple,iPhone 11 Pro ,Midnight Green,4GB,512 GB,Yes,4.6,140300,140300,Apple iPhone 11 Pro 
Xiaomi,Redmi K20 ,Carbon Black,6 GB,128 GB,Yes,4.1,18429,18429,Xiaomi Redmi K20 
HTC,Desire 516,Pearl White,1 GB,4 GB,Yes,3.5,15200,15200,HTC Desire 516
SAMSUNG,Galaxy J7 Prime ,Black,3 GB,16 GB,Yes,4.2,10990,10990,SAMSUNG Galaxy J7 Prime 
Apple,iPhone 11 ,White,4GB,64 GB,Yes,4.6,49900,49900,Apple iPhone 11 
Apple,iPhone XR ,Red,3 GB,256 GB,Yes,4.6,91900,91900,Apple iPhone XR 
OPPO,Neo 5,Black,1 GB,16 GB,Yes,3.8,4999,7856,OPPO Neo 5
realme,C25s ,Watery Blue,4 GB,128 GB,Yes,4.4,11999,11999,realme C25s 
SAMSUNG,Galaxy A9 ,Caviar Black,8 GB,128 GB,Yes,4.3,30990,30990,SAMSUNG Galaxy A9 
realme,Narzo 30 5G ,Racing Silver,4 GB,64 GB,Yes,4.4,14999,15999,realme Narzo 30 5G 
Xiaomi,Redmi K20 Pro ,Glacier Blue,6 GB,128 GB,Yes,4.4,28999,28999,Xiaomi Redmi K20 Pro 
SAMSUNG,Galaxy S21 Plus ,Phantom Violet,8 GB,256 GB,Yes,4.4,75999,104999,SAMSUNG Galaxy S21 Plus 
Apple,iPhone 6s ,Gold,2 GB,64 GB,Yes,4.5,49999,49999,Apple iPhone 6s 
SAMSUNG,Galaxy A22 5G ,Grey,8 GB,128 GB,Yes,4.2,21999,23999,SAMSUNG Galaxy A22 5G 
Motorola,X 2nd Generation ,Black,2 GB,32 GB,Yes,4.2,24999,24999,Motorola X 2nd Generation 
vivo,Y69,Matte Black,3 GB,32 GB,Yes,4.3,13990,13990,vivo Y69
SAMSUNG,Galaxy Star ,Noble Black,512 MB,4 GB,Yes,3.8,4199,4199,SAMSUNG Galaxy Star 
SAMSUNG,Galaxy M11 ,Black,4 GB,64 GB,Yes,4.3,11299,11300,SAMSUNG Galaxy M11 
Apple,iPhone 8 Plus ,Gold,3 GB,64 GB,Yes,4.6,49900,49900,Apple iPhone 8 Plus 
Apple,iPhone XS ,Silver,4 GB,512 GB,Yes,4.7,134900,134900,Apple iPhone XS 
Lenovo,A7000 ,Black,2 GB,8 GB,Yes,4.0,5499,5499,Lenovo A7000 
POCO,F1,Graphite Black,6 GB,256 GB,Yes,4.5,28999,28999,POCO F1
SAMSUNG,Galaxy J7 Duo ,Black,4 GB,32 GB,Yes,4.3,17962,17962,SAMSUNG Galaxy J7 Duo 
Apple,iPhone 13 ,Midnight,4GB,512 GB,Yes,,109900,109900,Apple iPhone 13 
SAMSUNG,Galaxy A52s 5G ,Awesome Black,8 GB,128 GB,Yes,4.5,37499,40999,SAMSUNG Galaxy A52s 5G 
Xiaomi,Redmi 8 ,Ruby Red,4 GB,64 GB,Yes,4.5,10999,10999,Xiaomi Redmi 8 
Nokia,3.4,Charcoal,4 GB,64 GB,Yes,3.9,11999,13999,Nokia 3.4
realme,X2 Pro ,Red Brick,12 GB,256 GB,Yes,4.6,36999,36999,realme X2 Pro 
OPPO,F1S,Grey,4 GB,64 GB,Yes,4.3,18990,18990,OPPO F1S
realme,C2 ,Diamond Sapphire,3 GB,32 GB,Yes,4.4,7499,8999,realme C2 
SAMSUNG,Galaxy A03 Core,Black,2 GB,32 GB,Yes,4.0,7999,10499,SAMSUNG Galaxy A03 Core
Apple,iPhone 11 ,Green,4GB,64 GB,Yes,4.6,49900,49900,Apple iPhone 11 
HTC,820S,Santorini White,2 GB,16 GB,Yes,3.9,25500,25500,HTC 820S
vivo,Y20G ,Obsidian Black,4 GB,64 GB,Yes,4.4,23990,23990,vivo Y20G 
Apple,iPhone 11 ,Black,4GB,64 GB,Yes,4.6,49900,49900,Apple iPhone 11 
Nokia,5,Silver,2 GB,16 GB,Yes,4.0,6741,6741,Nokia 5
SAMSUNG,Galaxy Core Prime ,Silver,1 GB,8 GB,Yes,4.1,6995,6995,SAMSUNG Galaxy Core Prime 
Nokia,5.1,Gold,3 GB,32 GB,Yes,4.0,7890,15999,Nokia 5.1
Apple,iPhone XR ,White,3 GB,64 GB,Yes,4.6,42999,47900,Apple iPhone XR 
SAMSUNG,Galaxy F12 ,Celestial Black,4 GB,64 GB,Yes,4.2,11499,12999,SAMSUNG Galaxy F12 
Xiaomi,Redmi K20 ,Carbon Black,6 GB,64 GB,Yes,3.8,22999,22999,Xiaomi Redmi K20 
GIONEE,P5 Mini ,Blue,1 GB,8 GB,Yes,3.8,3599,3599,GIONEE P5 Mini 
OPPO,A5,Diamond Blue,4 GB,32 GB,Yes,4.4,15000,15000,OPPO A5
Apple,iPhone 13 Pro Max,Graphite,4GB,128 GB,Yes,4.7,129900,129900,Apple iPhone 13 Pro Max
GIONEE,M3 ,Black,1 GB,8 GB,Yes,4.1,9599,9599,GIONEE M3 
realme,U1 ,Brave Blue,4 GB,64 GB,Yes,4.4,9999,15499,realme U1 
Infinix,Note 7,Aether Black,4 GB,64 GB,Yes,4.3,14999,14999,Infinix Note 7
Xiaomi,Mi 11X ,LUNAR WHITE,8 GB,128 GB,Yes,4.2,27950,31983,Xiaomi Mi 11X 
Google Pixel,3,Just Black,4 GB,128 GB,Yes,4.5,80000,80000,Google Pixel 3
OPPO,Reno,JET BLACK,8 GB,128 GB,Yes,4.4,29999,29999,OPPO Reno
Xiaomi,Mi 11 Lite ,Jazz Blue,6 GB,128 GB,Yes,4.2,21999,24999,Xiaomi Mi 11 Lite 
ASUS,Zenfone Go 5.5 ,Gold,2 GB,32 GB,Yes,3.7,6999,6999,ASUS Zenfone Go 5.5 
Xiaomi,Redmi Y3 ,Prime Black,4 GB,64 GB,Yes,4.3,12499,13999,Xiaomi Redmi Y3 
Lenovo,S850 ,Dark Blue,1 GB,16 GB,Yes,4.0,15999,15999,Lenovo S850 
Infinix,Hot 8,Quetzal Cyan,4 GB,64 GB,Yes,4.5,9999,9999,Infinix Hot 8
ASUS,Zenfone Go 3rd Gen,Gold,2 GB,16 GB,Yes,3.8,8999,8999,ASUS Zenfone Go 3rd Gen
Apple,iPhone 6 ,Gold,1 GB,64 GB,Yes,4.4,62500,62500,Apple iPhone 6 
Xiaomi,11 Lite NE,Vinyl Black,8 GB,130 GB,Yes,4.3,25999,25999,Xiaomi 11 Lite NE
SAMSUNG,Z1 ,Black,768 MB,4 GB,Yes,3.5,3990,3990,SAMSUNG Z1 
realme,C21Y ,Cross Blue,3 GB,,Yes,,8999,9999,realme C21Y 
SAMSUNG,Galaxy A7-2017 ,Black Sky,3 GB,32 GB,Yes,3.8,25900,25900,SAMSUNG Galaxy A7-2017 
Apple,iPhone SE ,Black,2 GB,128 GB,Yes,4.5,44900,44900,Apple iPhone SE 
SAMSUNG,Metro XL,Black,64 MB,128 MB,Yes,4.2,3271,3271,SAMSUNG Metro XL
GIONEE,S11 ,Royal Blue,4 GB,64 GB,Yes,2.8,8539,8549,GIONEE S11 
vivo,T1 5G,Rainbow Fantasy,4 GB,128 GB,Yes,,15990,19990,vivo T1 5G
Motorola,G5,Volcanic Grey,6 GB,128 GB,Yes,4.2,20999,24999,Motorola G5
SAMSUNG,Galaxy F41 ,Fusion Green,6 GB,64 GB,Yes,4.3,15999,19999,SAMSUNG Galaxy F41 
OPPO,A53,Fancy Blue,6 GB,128 GB,Yes,4.3,15999,15999,OPPO A53
Infinix,Smart 4,Midnight Black,2 GB,32 GB,Yes,4.4,8999,8999,Infinix Smart 4
SAMSUNG,Galaxy A7 ,Black,4 GB,64 GB,Yes,4.4,22300,22300,SAMSUNG Galaxy A7 
HTC,Desire 626,White Birch,2 GB,16 GB,Yes,3.7,11810,11810,HTC Desire 626
Nokia,105 DS,Black,4 MB,4 MB,Yes,4.2,1660,1700,Nokia 105 DS
SAMSUNG,M01 core ,Red,1 GB,16 GB,Yes,3.9,7399,7399,SAMSUNG M01 core 
Apple,iPhone SE ,Red,2 GB,64 GB,Yes,4.5,32999,39900,Apple iPhone SE 
Lenovo,VIBE P1 ,Grey,2 GB,32 GB,Yes,4.1,15999,15999,Lenovo VIBE P1 
Xiaomi,MI 11X 5G ,CELESTIAL SILVER,6 GB,128 GB,Yes,4.1,26295,27395,Xiaomi MI 11X 5G 
SAMSUNG,Metro 350,Black,46 MB,2 MB,Yes,4.1,2699,3270,SAMSUNG Metro 350
realme,C3 ,Blazing Red,3 GB,32 GB,Yes,4.4,8999,8999,realme C3 
realme,X2 ,Pearl Green,4 GB,64 GB,Yes,4.5,17999,17999,realme X2 
ASUS,Zenfone Go 4.5 ,Pink,1 GB,8 GB,Yes,3.9,5299,5299,ASUS Zenfone Go 4.5 
SAMSUNG,Galaxy M02 ,Black,3 GB,32 GB,Yes,4.0,8897,8897,SAMSUNG Galaxy M02 
SAMSUNG,Galaxy Note 20 Ultra 5G ,Mystic Bronze,12 GB,256 GB,Yes,4.5,91999,116000,SAMSUNG Galaxy Note 20 Ultra 5G 
GIONEE,P5_W ,Black,1 GB,16 GB,Yes,3.8,2799,2799,GIONEE P5_W 
realme,X50 Pro ,Moss Green,8 GB,128 GB,Yes,4.3,41999,41999,realme X50 Pro 
OPPO,A5s,Black,2 GB,32 GB,Yes,4.3,12990,12990,OPPO A5s
ASUS,Zenfone C ,Red,1 GB,8 GB,Yes,3.8,6299,6299,ASUS Zenfone C 
SAMSUNG,Galaxy A52s 5G ,Awesome Black,6 GB,128 GB,Yes,4.3,35999,38999,SAMSUNG Galaxy A52s 5G 
Apple,iPhone 13 Pro Max,Graphite,4GB,512 GB,Yes,4.7,159900,159900,Apple iPhone 13 Pro Max
OPPO,A5,Diamond Blue,4 GB,64 GB,Yes,4.4,15990,15990,OPPO A5
SAMSUNG,Galaxy Note Edge ,Frost White,3 GB,32 GB,Yes,3.3,30000,30000,SAMSUNG Galaxy Note Edge 
realme,3,Dynamic Black,4 GB,64 GB,Yes,4.4,10499,12999,realme 3
Xiaomi,Redmi 8A Dual ,Sky White,3 GB,32 GB,Yes,4.4,8299,8999,Xiaomi Redmi 8A Dual 
SAMSUNG,Galaxy A03s ,White,4 GB,64 GB,Yes,4.2,12499,14499,SAMSUNG Galaxy A03s 
OPPO,A12,Flowing Silver,4 GB,64 GB,Yes,4.4,10490,11990,OPPO A12
vivo,Y51A ,Titanium Sapphire,3 GB,16 GB,Yes,4.3,23990,23990,vivo Y51A 
LG,K42 ,Grey,3 GB,64 GB,Yes,3.9,10990,14000,LG K42 
Nokia,5,Tempered Blue,2 GB,16 GB,Yes,4.0,6400,6400,Nokia 5
Apple,iPhone 13 ,Red,4GB,128 GB,Yes,,79900,79900,Apple iPhone 13 
Apple,iPhone 7 ,Silver,2 GB,128 GB,Yes,4.5,34900,34900,Apple iPhone 7 
Infinix,Hot 10S,Heart of Ocean,6 GB,64 GB,Yes,4.3,10999,13999,Infinix Hot 10S
Infinix,Hot 10 Play,Purple  ,4 GB,64 GB,Yes,4.3,9299,10999,Infinix Hot 10 Play
vivo,V7+,Gold,4 GB,64 GB,Yes,4.4,22099,22221,vivo V7+
SAMSUNG,Galaxy M31 ,Ocean Blue,6 GB,64 GB,Yes,4.3,16999,17500,SAMSUNG Galaxy M31 
vivo,Y21 ,Midnight Blue,8 GB,256 GB,Yes,4.4,49990,54990,vivo Y21 
HTC,816G,White,1 GB,16 GB,Yes,3.9,21990,21990,HTC 816G
SAMSUNG,Galaxy J7 - 6 New 2016 Edition) ,White,2 GB,16 GB,Yes,4.3,15299,15585,SAMSUNG Galaxy J7 - 6 New 2016 Edition) 
GIONEE,S6S ,Latte Gold,3 GB,32 GB,Yes,4.0,15999,15999,GIONEE S6S 
Lenovo,B ,Black,1 GB,8 GB,Yes,3.8,4890,4890,Lenovo B 
GIONEE,M2 ,White,1 GB,4 GB,Yes,4.2,11500,11500,GIONEE M2 
realme,C11 2021 ,Cool Blue,2 GB,32 GB,Yes,4.3,7299,7999,realme C11 2021 
Motorola,Edge 20 Fusion ,Electric Graphite,8 GB,128 GB,Yes,,22999,25999,Motorola Edge 20 Fusion 
SAMSUNG,Galaxy F62 ,Laser Grey,8 GB,128 GB,Yes,4.3,25999,31999,SAMSUNG Galaxy F62 
LG,Wing ,Illusion Sky,8 GB,128 GB,Yes,4.2,29999,80000,LG Wing 
realme,C25Y ,Glacier Blue,4 GB,128 GB,Yes,,11999,13999,realme C25Y 
Apple,iPhone 7 Plus ,Red,3 GB,256 GB,Yes,5.0,85400,85400,Apple iPhone 7 Plus 
Nokia,2.3,Cyan Green,2 GB,32 GB,Yes,4.0,8449,8449,Nokia 2.3
Infinix,Note 7,Forest Green,4 GB,64 GB,Yes,4.3,14999,14999,Infinix Note 7
Infinix,Hot 11S,Silver Wave,4 GB,64 GB,Yes,4.3,10999,13999,Infinix Hot 11S
SAMSUNG,SAMSUNG Metro 350 Dual Sim,Black,32 MB,2 MB,Yes,4.1,2899,2899,SAMSUNG SAMSUNG Metro 350 Dual Sim
Xiaomi,REDMI 9i ,Nature Green,4 GB,64 GB,Yes,4.5,8799,9999,Xiaomi REDMI 9i 
SAMSUNG,Galaxy A9 ,Caviar Black,6 GB,128 GB,Yes,4.4,19990,19990,SAMSUNG Galaxy A9 
SAMSUNG,Galaxy Note 5 ,Silver Titanium,4 GB,32 GB,Yes,3.9,29990,29990,SAMSUNG Galaxy Note 5 
LG,Stylus 2 ,Brown,2 GB,16 GB,Yes,4.1,8350,19000,LG Stylus 2 
Infinix,Hot S3X,Aqua Blue,3 GB,32 GB,Yes,4.2,10999,10999,Infinix Hot S3X
Apple,iPhone 11 ,Black,4GB,256 GB,Yes,4.6,64900,64900,Apple iPhone 11 
SAMSUNG,Galaxy A21s ,White,4 GB,64 GB,Yes,4.2,17999,17999,SAMSUNG Galaxy A21s 
realme,C11 ,Rich Green,2 GB,32 GB,Yes,4.4,7499,8999,realme C11 
Motorola,X4,Super Black,6 GB,64 GB,Yes,4.3,24999,24999,Motorola X4
vivo,V20 2021 ,Sunset Melody,8 GB,128 GB,Yes,4.3,11990,15490,vivo V20 2021 
Xiaomi,MI3 ,Metallic Grey,2 GB,16 GB,Yes,4.3,7999,7999,Xiaomi MI3 
Lenovo,Z2 Plus ,White,3 GB,32 GB,Yes,3.9,17999,17999,Lenovo Z2 Plus 
Apple,iPhone 12 Pro Max ,Pacific Blue,,256 GB,Yes,4.6,129900,129900,Apple iPhone 12 Pro Max 
vivo,X70 Pro+,Enigma Black,12 GB,256 GB,Yes,4.5,79990,84990,vivo X70 Pro+
Nokia,225 4G DS 2020,Black,64 MB,128 MB,Yes,3.7,4399,4399,Nokia 225 4G DS 2020
SAMSUNG,Galaxy A51 ,Haze Crush Silver,6 GB,128 GB,Yes,4.3,20999,25999,SAMSUNG Galaxy A51 
SAMSUNG,Galaxy A50 ,Blue,4 GB,64 GB,Yes,4.3,21000,21000,SAMSUNG Galaxy A50 
Nokia,5.1,Black&Blue,3 GB,32 GB,Yes,4.0,16300,16300,Nokia 5.1
Nokia,3,Copper White,2 GB,16 GB,Yes,3.9,5499,10299,Nokia 3
vivo,V23 Pro 5G,Stardust Black,8 GB,128 GB,Yes,4.3,38990,41990,vivo V23 Pro 5G
Nokia,106,Black,,2 MB,Yes,3.9,1400,1400,Nokia 106
SAMSUNG,Galaxy J2 Core ,Black,1 GB,8 GB,Yes,4.2,6500,6500,SAMSUNG Galaxy J2 Core 
OPPO,A15s,Dynamic Black,4 GB,128 GB,Yes,4.3,13489,13489,OPPO A15s
Infinix,Note 11,Glacier Green,4 GB,64 GB,Yes,4.3,12499,14999,Infinix Note 11
realme,1,Moonlight Silver,6 GB,,Yes,4.3,10990,14990,realme 1
Apple,iPhone 6 Plus ,Gold,1 GB,64 GB,Yes,4.5,71500,71500,Apple iPhone 6 Plus 
realme,Narzo 20A ,Victory Blue,4 GB,64 GB,Yes,4.4,9499,11999,realme Narzo 20A 
Apple,iPhone 13 Mini ,Red,4 GB,256 GB,Yes,,79900,79900,Apple iPhone 13 Mini 
GIONEE,Elife S5.1 ,Blue,1 GB,16 GB,Yes,4.1,9999,9999,GIONEE Elife S5.1 
ASUS,Zenfone Selfie ,Silver,2 GB,16 GB,Yes,3.9,8499,8499,ASUS Zenfone Selfie 
realme,C15 Qualcomm Edition ,Power Silver,3 GB,32 GB,Yes,4.3,11999,11999,realme C15 Qualcomm Edition 
Apple,iPhone 12 ,Green,4GB,128 GB,Yes,4.6,68999,70900,Apple iPhone 12 
Nokia,7 Plus ,Black & Copper,4 GB,64 GB,Yes,4.3,12000,26028,Nokia 7 Plus 
realme,8s 5G ,Universe Blue,6 GB,128 GB,Yes,4.5,17999,20999,realme 8s 5G 
realme,X3 SuperZoom ,Glacier Blue,12 GB,256 GB,Yes,4.2,32999,34999,realme X3 SuperZoom 
HTC,Desire 616,Pearl White,1 GB,4 GB,Yes,3.8,17200,17200,HTC Desire 616
SAMSUNG,Galaxy A20 ,Deep Blue,3 GB,32 GB,Yes,4.3,12900,12900,SAMSUNG Galaxy A20 
Nokia,108 Dual SIM,Black,4 MB,4 MB,Yes,4.2,2149,2149,Nokia 108 Dual SIM
SAMSUNG,Galaxy A70s ,Prism Crush White,6 GB,128 GB,Yes,4.3,17999,31000,SAMSUNG Galaxy A70s 
Apple,iPhone 11 ,Red,4GB,128 GB,Yes,4.6,54900,54900,Apple iPhone 11 
Infinix,Smart 5,Obsidian Black,2 GB,32 GB,Yes,4.3,7499,8999,Infinix Smart 5
OPPO,A5s,Gold,4 GB,64 GB,Yes,4.4,15726,15726,OPPO A5s
realme,6i ,Eclipse Black,4 GB,64 GB,Yes,4.4,12999,14999,realme 6i 
Infinix,Hot 11S,Purple  ,4 GB,64 GB,Yes,4.3,10999,13999,Infinix Hot 11S
SAMSUNG,Galaxy Note 4 ,Charcoal Black,3 GB,32 GB,Yes,4.1,36900,36900,SAMSUNG Galaxy Note 4 
Nokia,6,Matte Black,4 GB,64 GB,Yes,3.9,19499,19499,Nokia 6
SAMSUNG,Galaxy A10s ,Blue,3 GB,32 GB,Yes,4.3,11000,11000,SAMSUNG Galaxy A10s 
GIONEE,P5 Mini ,White,1 GB,8 GB,Yes,3.8,2999,2999,GIONEE P5 Mini 
OPPO,A71,Gold,3 GB,16 GB,Yes,4.2,12500,12500,OPPO A71
realme,X ,Space Blue,8 GB,128 GB,Yes,4.5,20999,20999,realme X 
Xiaomi,11i Hypercharge 5G,Camo Green,6 GB,128 GB,Yes,4.2,26999,31999,Xiaomi 11i Hypercharge 5G
Infinix,Hot 9,Ocean Wave,4 GB,64 GB,Yes,4.4,11999,11999,Infinix Hot 9
Apple,iPhone 13 mini,Green,4GB,128 GB,Yes,4.6,64900,69900,Apple iPhone 13 mini
realme,6i ,Eclipse Black,6 GB,64 GB,Yes,4.4,13999,15999,realme 6i 
LG,G6 ,Blue,4 GB,64 GB,Yes,4.2,29790,29790,LG G6 
Google Pixel,3a ,Clearly White,4 GB,64 GB,Yes,4.5,39999,39999,Google Pixel 3a 
OPPO,A53,Fairy White,6 GB,128 GB,Yes,4.3,15999,15999,OPPO A53
Nokia,3.2,Black,3 GB,32 GB,Yes,4.1,11999,11999,Nokia 3.2
GIONEE,X1s ,Blue,3 GB,16 GB,Yes,4.0,6999,6999,GIONEE X1s 
realme,3,Radiant Blue,3 GB,32 GB,Yes,4.5,8499,10999,realme 3
Apple,iPhone 8 Plus ,Space Grey,3 GB,256 GB,Yes,4.6,84900,84900,Apple iPhone 8 Plus 
Apple,iPhone 12 Mini ,Blue,4GB,128 GB,Yes,4.5,61999,64900,Apple iPhone 12 Mini 
OPPO,A53,Electric Black,4 GB,64 GB,Yes,4.5,11990,15990,OPPO A53
SAMSUNG,Galaxy M12 ,White,4 GB,64 GB,Yes,4.2,11730,12900,SAMSUNG Galaxy M12 
Motorola,Edge 20 ,Frosted Emerald,8 GB,128 GB,Yes,4.4,29999,34999,Motorola Edge 20 
Infinix,Hot S3,Topaz Blue,3 GB,32 GB,Yes,4.2,9999,9999,Infinix Hot S3
Xiaomi,Mi 11 Lite ,Jazz Blue,8 GB,128 GB,Yes,4.2,23999,25999,Xiaomi Mi 11 Lite 
Nokia,5.1 Plus ,Black,4 GB,64 GB,Yes,4.1,9990,15999,Nokia 5.1 Plus 
GIONEE,F205 Pro ,Blue,2 GB,16 GB,Yes,4.1,6990,6990,GIONEE F205 Pro 
realme,7,Mist White,8 GB,128 GB,Yes,4.3,17999,20999,realme 7
SAMSUNG,Galaxy J5 Prime ,Gold,2 GB,16 GB,Yes,4.0,14500,14500,SAMSUNG Galaxy J5 Prime 
Motorola,G7,White,4 GB,64 GB,Yes,4.3,9999,18999,Motorola G7
Xiaomi,Redmi Note 8 ,Cosmic Purple,4 GB,64 GB,Yes,4.3,12999,12999,Xiaomi Redmi Note 8 
Motorola,One,White,4 GB,64 GB,Yes,4.1,14999,14999,Motorola One
Lenovo,VIBE P1m ,Black,2 GB,16 GB,Yes,4.1,6999,6999,Lenovo VIBE P1m 
Apple,iPhone 12 Mini ,Red,4GB,128 GB,Yes,4.5,61999,64900,Apple iPhone 12 Mini 
realme,3,Diamond Red,3 GB,,Yes,4.5,8499,10999,realme 3
OPPO,Reno2 F,Sky White,6 GB,256 GB,Yes,4.4,19990,19990,OPPO Reno2 F
GIONEE,Elife E8 ,Gold,3 GB,64 GB,Yes,3.9,8990,8990,GIONEE Elife E8 
SAMSUNG,Galaxy S10e ,Prism White,6 GB,128 GB,Yes,4.5,59000,59000,SAMSUNG Galaxy S10e 
SAMSUNG,Z2 ,Black,1 GB,8 GB,Yes,3.6,4790,4790,SAMSUNG Z2 
GIONEE,F205 ,Black,2 GB,16 GB,Yes,4.0,8479,8479,GIONEE F205 
Nokia,6310,Black,8 MB,16 MB,Yes,,4189,4189,Nokia 6310
Apple,iPhone XR ,Black,3 GB,128 GB,Yes,4.6,47999,52900,Apple iPhone XR 
Xiaomi,Mi A3 ,More Than White,4 GB,64 GB,Yes,4.4,12990,14990,Xiaomi Mi A3 
SAMSUNG,Galaxy Note 8 ,Orchid Grey,6 GB,64 GB,Yes,4.6,49999,49999,SAMSUNG Galaxy Note 8 
Nokia,105 DS,Black,4 MB,4 MB,Yes,4.2,1400,1400,Nokia 105 DS
OPPO,A55,Rainbow Blue,4 GB,64 GB,Yes,4.3,15490,18990,OPPO A55
ASUS,ZenFone Max M2 ,Silver,4 GB,64 GB,Yes,4.3,14999,14999,ASUS ZenFone Max M2 
Xiaomi,REDMI 9 Prime ,Mint Green,4 GB,64 GB,Yes,4.4,10499,11999,Xiaomi REDMI 9 Prime 
Motorola,G6 Play,Fine Gold,3 GB,32 GB,Yes,4.1,12999,12999,Motorola G6 Play
OPPO,A31,Mystery Black,4 GB,64 GB,Yes,4.3,11779,11919,OPPO A31
realme,3i ,Diamond Red,3 GB,32 GB,Yes,4.4,8499,8999,realme 3i 
OPPO,F17,Navy Blue,8 GB,128 GB,Yes,4.3,21990,21990,OPPO F17
Infinix,Smart 4 Plus,Quetzal Cyan,3 GB,32 GB,Yes,4.4,9999,9999,Infinix Smart 4 Plus
realme,Narzo 30 5G ,Racing Silver,6 GB,128 GB,Yes,4.3,16999,17999,realme Narzo 30 5G 
vivo,V21e ,Sunset Jazz,3 GB,16 GB,Yes,4.3,18990,18990,vivo V21e 
Nokia,105 DS 2020,Black,4 MB,4 MB,Yes,4.2,1490,1490,Nokia 105 DS 2020
SAMSUNG,Galaxy Note 5 ,black sapphire,4 GB,32 GB,Yes,3.9,46900,46900,SAMSUNG Galaxy Note 5 
SAMSUNG,Galaxy Alpha ,Charcoal Black,2 GB,32 GB,Yes,3.6,22389,22389,SAMSUNG Galaxy Alpha 
realme,8 5G ,Supersonic Black,8 GB,128 GB,Yes,4.3,18499,18999,realme 8 5G 
SAMSUNG,Galaxy J4 ,Gold,3 GB,32 GB,Yes,4.2,10990,10990,SAMSUNG Galaxy J4 
Apple,iPhone 13 Pro,Alpine Green,4GB,512 GB,Yes,4.7,149900,149900,Apple iPhone 13 Pro
HTC,Wildfire X ,Blue,3 GB,32 GB,Yes,3.9,12999,12999,HTC Wildfire X 
GIONEE,Max Pro ,Black,3 GB,32 GB,Yes,3.8,7299,9999,GIONEE Max Pro 
Apple,iPhone 6s Plus ,Space Grey,2 GB,64 GB,Yes,4.4,59999,59999,Apple iPhone 6s Plus 
Xiaomi,Redmi 7A ,Matte Gold,2 GB,32 GB,Yes,4.5,6999,6999,Xiaomi Redmi 7A 
OPPO,A15,Dynamic Black,2 GB,32 GB,Yes,4.0,8990,10990,OPPO A15
SAMSUNG,M01 core ,Black,1 GB,16 GB,Yes,3.9,4999,4999,SAMSUNG M01 core 
realme,6,Comet Blue,8 GB,128 GB,Yes,4.4,16999,17999,realme 6
POCO,X2 Special Edition,Matrix Purple,6 GB,128 GB,Yes,4.5,19999,19999,POCO X2 Special Edition
Infinix,Smart 3 Plus,Midnight Black,2 GB,32 GB,Yes,4.2,7999,7999,Infinix Smart 3 Plus
Apple,iPhone 6 Plus ,Space Grey,1 GB,16 GB,Yes,4.5,39999,39999,Apple iPhone 6 Plus 
realme,X3 SuperZoom ,Arctic White,12 GB,,Yes,4.2,32999,34999,realme X3 SuperZoom 
Apple,iPhone 13 Pro Max,Alpine Green,4GB,128 GB,Yes,4.5,119900,119900,Apple iPhone 13 Pro Max
SAMSUNG,M02s ,Red,4 GB,64 GB,Yes,4.1,9999,10490,SAMSUNG M02s 
SAMSUNG,Galaxy A51 ,Prism Crush Blue,6 GB,128 GB,Yes,4.3,20999,25999,SAMSUNG Galaxy A51 
SAMSUNG,Galaxy A5 ,Midnight Black,2 GB,16 GB,Yes,4.1,17990,17990,SAMSUNG Galaxy A5 
OPPO,Reno2 F,Lake Green,8 GB,128 GB,Yes,4.4,25889,25889,OPPO Reno2 F
POCO,M4 Pro 5G,Power Black,8 GB,128 GB,Yes,4.4,18999,21999,POCO M4 Pro 5G
SAMSUNG,Galaxy M30s ,Blue,4 GB,64 GB,Yes,4.3,14090,15500,SAMSUNG Galaxy M30s 
Nokia,150/150 DS,Black,4 MB,4 MB,Yes,4.2,1500,1500,Nokia 150/150 DS
POCO,M4 Pro,Cool Blue,8 GB,128 GB,Yes,4.4,17999,21999,POCO M4 Pro
OPPO,Reno4 Pro Special Edition,Starry Night,8 GB,128 GB,Yes,4.4,34990,37990,OPPO Reno4 Pro Special Edition
Apple,iPhone 12 ,Black,4GB,256 GB,Yes,4.6,78999,80900,Apple iPhone 12 
Nokia,6.1,Copper,3 GB,32 GB,Yes,4.2,14927,14927,Nokia 6.1
realme,Narzo 10A ,So White,4 GB,64 GB,Yes,4.5,9999,10999,realme Narzo 10A 
realme,3i ,Diamond Blue,3 GB,32 GB,Yes,4.4,8499,8999,realme 3i 
OPPO,F3,Black,4 GB,64 GB,Yes,4.3,20990,20990,OPPO F3
LG,K42 ,Green,3 GB,64 GB,Yes,3.9,10990,14000,LG K42 
Xiaomi,Redmi 8A Dual ,Midnight Grey,3 GB,64 GB,Yes,4.5,9199,9290,Xiaomi Redmi 8A Dual 
Infinix,Note 11 ,Celestial Snow,4 GB,64 GB,Yes,4.3,12499,14999,Infinix Note 11 
Nokia,8110,Black,512 MB,4 GB,Yes,3.7,3000,8400,Nokia 8110
Infinix,Hot 10S,Black,6 GB,64 GB,Yes,4.3,10999,13999,Infinix Hot 10S
Infinix,Hot 9 Pro,Ocean Wave,4 GB,64 GB,Yes,4.4,12999,12999,Infinix Hot 9 Pro
Xiaomi,Redmi 9A ,Nature Green,3 GB,32 GB,Yes,4.5,8498,8498,Xiaomi Redmi 9A 
Nokia,8.1,Blue,6 GB,128 GB,Yes,4.3,22999,35999,Nokia 8.1
Xiaomi,Redmi 5 ,Gold,4 GB,64 GB,Yes,4.2,10990,10990,Xiaomi Redmi 5 
Lenovo,Vibe K5 Note ,Grey,4 GB,32 GB,Yes,4.1,12499,12499,Lenovo Vibe K5 Note 
Apple,iPhone 6s Plus ,Gold,2 GB,,Yes,4.4,49999,49999,Apple iPhone 6s Plus 
OPPO,A53s 5G,Ink Black,8 GB,128 GB,Yes,4.3,17990,18990,OPPO A53s 5G
POCO,M4 Pro 5G,Yellow,4 GB,64 GB,Yes,4.5,14999,16999,POCO M4 Pro 5G
realme,8,Cyber Silver,8 GB,128 GB,Yes,4.3,17999,18999,realme 8
realme,C21Y ,Cross Black,3 GB,32 GB,Yes,,8999,9999,realme C21Y 
vivo,Y95,Starry Black,4 GB,64 GB,Yes,4.4,18990,18990,vivo Y95
Xiaomi,Redmi Note 11T 5G,Stardust White,6 GB,129 GB,Yes,4.2,19119,19119,Xiaomi Redmi Note 11T 5G
SAMSUNG,Galaxy A12 ,Blue,4 GB,64 GB,Yes,4.2,12144,12144,SAMSUNG Galaxy A12 
Nokia,C01 Plus ,Blue,2 GB,16 GB,Yes,,6499,6499,Nokia C01 Plus 
Motorola,One Fusion+ ,Moonlight White,6 GB,128 GB,Yes,4.4,17499,19999,Motorola One Fusion+ 
GIONEE,L800,Black,8 MB,16 MB,Yes,4.0,2199,2199,GIONEE L800
OPPO,F15,Unicorn White,8 GB,128 GB,Yes,4.4,18990,22990,OPPO F15
SAMSUNG,Galaxy Note 5 ,Gold Platinum,4 GB,32 GB,Yes,3.9,29990,29990,SAMSUNG Galaxy Note 5 
SAMSUNG,M31 Prime ,Space Black,6 GB,128 GB,Yes,4.3,16750,16800,SAMSUNG M31 Prime 
Xiaomi,Mi 10i ,Atlantic Blue,6 GB,128 GB,Yes,4.3,22650,24198,Xiaomi Mi 10i 
realme,9 Pro 5G,Midnight Black,8 GB,128 GB,Yes,4.4,20999,23999,realme 9 Pro 5G
Lenovo,A7000 Turbo ,White,2 GB,16 GB,Yes,3.8,8999,8999,Lenovo A7000 Turbo 
SAMSUNG,Galaxy S10 Plus ,Prism Black,8 GB,128 GB,Yes,4.6,79000,79000,SAMSUNG Galaxy S10 Plus 
SAMSUNG,Metro B313E Dual Sim - White,Black,10 MB,2 MB,Yes,4.1,2299,2299,SAMSUNG Metro B313E Dual Sim - White
Nokia,5.3,SAND,6 GB,64 GB,Yes,3.7,12999,12999,Nokia 5.3
ASUS,ZenFone Max Pro M2 ,Blue,4 GB,64 GB,Yes,4.3,17999,17999,ASUS ZenFone Max Pro M2 
Nokia,216 DS 2020,Black,16 MB,16 MB,Yes,4.2,2499,2499,Nokia 216 DS 2020
POCO,M4 Pro 5G,Cool Blue,4 GB,64 GB,Yes,4.5,14999,16999,POCO M4 Pro 5G
POCO,X2,Pheonix Red,8 GB,256 GB,Yes,4.5,21499,22999,POCO X2
realme,6i ,Lunar White,4 GB,64 GB,Yes,4.4,12999,14999,realme 6i 
Infinix,Note 11S,Haze Green,6 GB,64 GB,Yes,4.3,13999,16999,Infinix Note 11S
Apple,iPhone 12 Pro Max ,Gold,,256 GB,Yes,4.6,129900,129900,Apple iPhone 12 Pro Max 
Apple,iPhone 11 ,Purple,4GB,64 GB,Yes,4.6,49900,49900,Apple iPhone 11 
Apple,iPhone 7 Plus ,Silver,3 GB,128 GB,Yes,4.5,42900,42900,Apple iPhone 7 Plus 
vivo,Y83 Pro,Nebula Purple,4 GB,64 GB,Yes,4.4,14500,14500,vivo Y83 Pro
SAMSUNG,Galaxy M32 ,Light Blue,4 GB,64 GB,Yes,4.2,14690,14690,SAMSUNG Galaxy M32 
OPPO,A55,Mint Green,6 GB,128 GB,Yes,4.1,17790,17790,OPPO A55
Apple,iPhone 11 ,Purple,4GB,256 GB,Yes,4.6,64900,64900,Apple iPhone 11 
Infinix,S5 Lite,Midnight Black,4 GB,64 GB,Yes,4.3,9999,9999,Infinix S5 Lite
SAMSUNG,M02s ,Blue,4 GB,64 GB,Yes,4.1,10398,10398,SAMSUNG M02s 
OPPO,A52,Twilight Black,8 GB,128 GB,Yes,4.3,20990,20990,OPPO A52
SAMSUNG,Galaxy S10 Plus ,Ceramic Black,8 GB,512 GB,Yes,4.6,91900,91900,SAMSUNG Galaxy S10 Plus 
Nokia,225 4g ds,Black,64 MB,128 MB,Yes,3.7,3896,3999,Nokia 225 4g ds
OPPO,Reno7 5G,Starry Black,8 GB,256 GB,Yes,,28999,37990,OPPO Reno7 5G
GIONEE,Marathon M5 Plus ,Champagne Gold,3 GB,64 GB,Yes,4.1,14999,14999,GIONEE Marathon M5 Plus 
SAMSUNG,Metro XL,Black,64 MB,128 MB,Yes,4.2,3780,3780,SAMSUNG Metro XL
SAMSUNG,B351E/Metro 350,Black,32 MB,2 MB,Yes,4.2,2089,2089,SAMSUNG B351E/Metro 350
Lenovo,Z2 Plus ,Black,4 GB,64 GB,Yes,3.8,19999,19999,Lenovo Z2 Plus 
OPPO,F1 Plus,Gold,4 GB,64 GB,Yes,4.0,27500,27500,OPPO F1 Plus
Infinix,Hot 10,Amber Red,4 GB,64 GB,Yes,4.4,11999,11999,Infinix Hot 10
Xiaomi,REDMI 9 Power ,Mighty Black,4 GB,64 GB,Yes,4.4,11499,13999,Xiaomi REDMI 9 Power 
IQOO,3, Tornado Black,12 GB,256 GB,Yes,4.4,39990,46990,IQOO 3
OPPO,A3s,Purple,4 GB,64 GB,Yes,4.3,15000,15000,OPPO A3s
Apple,iPhone 13 Mini ,Starlight,6 GB,512 GB,Yes,,99900,99900,Apple iPhone 13 Mini 
Apple,iPhone 11 Pro ,Gold,4GB,256 GB,Yes,4.6,121300,121300,Apple iPhone 11 Pro 
SAMSUNG,Metro 313,Black,4 MB,2 MB,Yes,4.2,2282,2282,SAMSUNG Metro 313
realme,Narzo 50A ,Oxygen Blue,4 GB,32 GB,Yes,4.4,12499,13999,realme Narzo 50A 
realme,X3 SuperZoom ,Arctic White,12 GB,256 GB,Yes,4.2,32999,34999,realme X3 SuperZoom 
SAMSUNG,Galaxy J2 ,White,1 GB,8 GB,Yes,4.1,6799,6799,SAMSUNG Galaxy J2 
SAMSUNG,Galaxy S7 ,Silver Titanium,4 GB,32 GB,Yes,4.4,23500,45500,SAMSUNG Galaxy S7 
Lenovo,K8 Note ,Venom Black,4 GB,64 GB,Yes,4.1,12999,12999,Lenovo K8 Note 
ASUS,Zenfone Max Pro M1 ,Grey,6 GB,64 GB,Yes,4.3,17999,17999,ASUS Zenfone Max Pro M1 
Apple,iPhone 13 Mini ,Starlight,4 GB,256 GB,Yes,,79900,79900,Apple iPhone 13 Mini 
Lenovo,P2 ,Grey,4 GB,32 GB,Yes,4.3,17999,17999,Lenovo P2 
SAMSUNG,Galaxy J6 Plus ,Black,4 GB,64 GB,Yes,4.3,14000,14000,SAMSUNG Galaxy J6 Plus 
SAMSUNG,Galaxy A72 ,Awesome Black,8 GB,256 GB,Yes,4.3,37999,43999,SAMSUNG Galaxy A72 
Infinix,Hot 9 Pro,Violet,4 GB,64 GB,Yes,4.4,12999,12999,Infinix Hot 9 Pro
ASUS,Zenfone Max Pro M1 ,Grey,3 GB,32 GB,Yes,4.3,13199,13199,ASUS Zenfone Max Pro M1 
Motorola,G60 ,Frosted Champagne,6 GB,128 GB,Yes,4.2,17999,21999,Motorola G60 
Apple,iPhone SE ,Black,2 GB,256 GB,Yes,4.5,54900,54900,Apple iPhone SE 
SAMSUNG,Galaxy M30S ,Black,4 GB,128 GB,Yes,4.3,15499,17999,SAMSUNG Galaxy M30S 
GIONEE,Ctrl V5 ,White,8 GB,2 MB,Yes,3.8,4790,4790,GIONEE Ctrl V5 
OPPO,A16k,White,3 GB,32 GB,Yes,4.1,10490,10490,OPPO A16k
realme,X3 ,Arctic White,8 GB,128 GB,Yes,4.4,25999,27999,realme X3 
Motorola,X4,Super Black,4 GB,64 GB,Yes,4.3,23999,23999,Motorola X4
Infinix,Hot 11S,Polar Black,4 GB,128 GB,Yes,4.3,11999,14999,Infinix Hot 11S
SAMSUNG,Galaxy A12 ,White,4 GB,128 GB,Yes,4.2,14999,14999,SAMSUNG Galaxy A12 
Google Pixel,3 XL ,Just Black,4 GB,64 GB,Yes,4.6,83000,83000,Google Pixel 3 XL 
SAMSUNG,Galaxy A31 ,Prism Crush Black,6 GB,128 GB,Yes,4.3,18999,18999,SAMSUNG Galaxy A31 
Apple,iPhone 7 Plus ,Gold,3 GB,128 GB,Yes,4.5,42900,42900,Apple iPhone 7 Plus 
Lenovo,K8 Note ,Fine Gold,4 GB,64 GB,Yes,4.1,8499,8499,Lenovo K8 Note 
SAMSUNG,Galaxy S9 ,Coral Blue,4 GB,64 GB,Yes,4.4,62500,62500,SAMSUNG Galaxy S9 
Xiaomi,Mi Max 2 ,Black,4 GB,64 GB,Yes,4.4,13990,13990,Xiaomi Mi Max 2 
SAMSUNG,Galaxy F02s ,Diamond White,4 GB,64 GB,Yes,4.2,10499,11499,SAMSUNG Galaxy F02s 
realme,X2 ,Pearl White,4 GB,64 GB,Yes,4.5,17999,17999,realme X2 
Motorola,G5 Plus,Lunar Grey,3 GB,32 GB,Yes,3.7,10999,10999,Motorola G5 Plus
Xiaomi,Redmi Note 6 Pro ,Rose Gold,6 GB,64 GB,Yes,4.3,14999,14999,Xiaomi Redmi Note 6 Pro 
Infinix,Smart 4 Plus,Violet,3 GB,32 GB,Yes,4.4,9999,9999,Infinix Smart 4 Plus
SAMSUNG,Galaxy J2 - 2016 ,Silver,1.5 GB,8 GB,Yes,4.0,7200,7200,SAMSUNG Galaxy J2 - 2016 
ASUS,Zenfone Max ZC550KL ,Orange,3 GB,32 GB,Yes,4.1,8690,8690,ASUS Zenfone Max ZC550KL 
SAMSUNG,Galaxy A50s ,Prism Crush White,4 GB,128 GB,Yes,4.3,14999,24900,SAMSUNG Galaxy A50s 
SAMSUNG,Galaxy A7-2017 ,Gold Sand,3 GB,32 GB,Yes,3.8,25900,25900,SAMSUNG Galaxy A7-2017 
OPPO,F19s,Glowing Black,6 GB,128 GB,Yes,,19990,22990,OPPO F19s
SAMSUNG,Galaxy A22 5G ,Grey,6 GB,128 GB,Yes,4.3,19979,22498,SAMSUNG Galaxy A22 5G 
SAMSUNG,Galaxy S7 Edge ,Blue Coral,4 GB,32 GB,Yes,4.4,41900,41900,SAMSUNG Galaxy S7 Edge 
Apple,iPhone XS ,Silver,4 GB,256 GB,Yes,4.7,76999,103900,Apple iPhone XS 
vivo,Y20A ,Dawn White,4 GB,128 GB,Yes,4.4,20600,20600,vivo Y20A 
Apple,iPhone 13 Pro Max,Sierra Blue,4GB,256 GB,Yes,4.7,139900,139900,Apple iPhone 13 Pro Max
vivo,V9,Sapphire Blue,4 GB,64 GB,Yes,4.5,23400,23990,vivo V9
realme,C21Y ,Cross Blue,3 GB,32 GB,Yes,,8999,9999,realme C21Y 
SAMSUNG,Galaxy J2 Core ,Black,1 GB,16 GB,Yes,4.2,6999,6999,SAMSUNG Galaxy J2 Core 
Xiaomi,Mi A2 ,Black,6 GB,128 GB,Yes,3.8,14949,14949,Xiaomi Mi A2 
OPPO,F3 Plus,Black,4 GB,64 GB,Yes,4.3,30990,30990,OPPO F3 Plus
Apple,iPhone 11 ,Yellow,4GB,128 GB,Yes,4.6,54900,54900,Apple iPhone 11 
realme,5 Pro ,Sparkling Blue,6 GB,64 GB,Yes,4.5,14999,15999,realme 5 Pro 
Lenovo,Vibe Shot ,Grey,3 GB,32 GB,Yes,3.7,9799,9799,Lenovo Vibe Shot 
vivo,S2,Diamond Black,4 GB,128 GB,Yes,5.0,19990,19990,vivo S2
SAMSUNG,Galaxy S6 Edge ,White Pearl,3 GB,64 GB,Yes,4.0,53900,53900,SAMSUNG Galaxy S6 Edge 
OPPO,R1 R829,White,1 GB,16 GB,Yes,3.0,21452,21452,OPPO R1 R829
Motorola,G9 Power ,Electric Violet,4 GB,64 GB,Yes,4.1,11999,15999,Motorola G9 Power 
LG,K-10 ,Black Blue,2 GB,16 GB,Yes,4.0,7799,7799,LG K-10 
realme,X2 Pro ,Neptune Blue,8 GB,128 GB,Yes,4.5,31999,31999,realme X2 Pro 
ASUS,ZenFone Lite L1 ,Black,2 GB,16 GB,Yes,4.2,7199,7199,ASUS ZenFone Lite L1 
OPPO,A57,Gold,3 GB,32 GB,Yes,4.2,18000,18000,OPPO A57
OPPO,F11 Pro,Thunder Black,6 GB,64 GB,Yes,4.5,16990,28990,OPPO F11 Pro
GIONEE,A1 Lite ,Gold,3 GB,32 GB,Yes,3.9,11499,11499,GIONEE A1 Lite 
Lenovo,K3 Note Music ,Yellow,2 GB,16 GB,Yes,3.7,9795,9795,Lenovo K3 Note Music 
Apple,iPhone 7 Plus ,Black,3 GB,256 GB,Yes,4.5,85400,85400,Apple iPhone 7 Plus 
SAMSUNG,Galaxy J8 ,Blue,4 GB,64 GB,Yes,4.4,18990,18990,SAMSUNG Galaxy J8 
SAMSUNG,Galaxy M40 ,Seawater Blue,6 GB,128 GB,Yes,4.1,19999,19999,SAMSUNG Galaxy M40 
Apple,iPhone 13 Pro Max,Alpine Green,4GB,256 GB,Yes,4.7,139900,139900,Apple iPhone 13 Pro Max
SAMSUNG,Galaxy A30 ,Blue,4 GB,64 GB,Yes,4.4,18000,18000,SAMSUNG Galaxy A30 
vivo,T1 5G,Rainbow Fantasy,6 GB,128 GB,Yes,,16990,20990,vivo T1 5G
Apple,iPhone XR ,Yellow,3 GB,128 GB,Yes,4.6,47999,52900,Apple iPhone XR 
SAMSUNG,Galaxy J6 ,Gold,4 GB,64 GB,Yes,4.5,14990,14990,SAMSUNG Galaxy J6 
vivo,Y20A ,Nebula Blue,3 GB,64 GB,Yes,4.4,36990,36990,vivo Y20A 
SAMSUNG,Galaxy A52 ,Awesome Black,8 GB,128 GB,Yes,4.4,28999,31999,SAMSUNG Galaxy A52 
GIONEE,F9 Plus ,Blue,3 GB,32 GB,Yes,4.1,9490,9490,GIONEE F9 Plus 
SAMSUNG,Metro 313 Dual Sim,Black,16 MB,2 MB,Yes,4.2,2025,2025,SAMSUNG Metro 313 Dual Sim
Lenovo,K8 ,Fine Gold,3 GB,32 GB,Yes,4.1,6990,6990,Lenovo K8 
realme,1,Moonlight Silver,3 GB,32 GB,Yes,,10999,12990,realme 1
OPPO,A53,Mint Cream,4 GB,64 GB,Yes,4.5,11990,15990,OPPO A53
SAMSUNG,Galaxy S6 Edge ,Black,3 GB,64 GB,Yes,4.0,39999,39999,SAMSUNG Galaxy S6 Edge 
realme,Narzo 20 ,Glory Silver,4 GB,128 GB,Yes,4.3,11499,13999,realme Narzo 20 
SAMSUNG,Galaxy A52 ,Awesome Blue,6 GB,128 GB,Yes,4.3,27810,27810,SAMSUNG Galaxy A52 
Apple,iPhone XR ,Coral,3 GB,64 GB,Yes,4.6,42999,47900,Apple iPhone XR 
Infinix,Smart 2,City Blue,3 GB,32 GB,Yes,4.1,7946,7999,Infinix Smart 2
Xiaomi,Mi 10T ,Cosmic Black,8 GB,128 GB,Yes,4.4,34999,42999,Xiaomi Mi 10T 
SAMSUNG,Galaxy Z Flip3 5G ,Cream,8 GB,256 GB,Yes,4.3,88999,99999,SAMSUNG Galaxy Z Flip3 5G 
SAMSUNG,Galaxy J7 Prime 2 ,Gold,3 GB,32 GB,Yes,4.3,14990,14990,SAMSUNG Galaxy J7 Prime 2 
Apple,iPhone 12 ,White,4GB,64 GB,Yes,4.6,63999,65900,Apple iPhone 12 
Infinix,Hot 7,Mocha Brown,4 GB,64 GB,Yes,4.2,9999,9999,Infinix Hot 7
SAMSUNG,Galaxy A50s ,Prism Crush Black,4 GB,128 GB,Yes,4.3,14999,24900,SAMSUNG Galaxy A50s 
SAMSUNG,Galaxy S21 Ultra ,Phantom Black,16 GB,512 GB,Yes,4.3,116999,139999,SAMSUNG Galaxy S21 Ultra 
realme,C15 ,Power Silver,4 GB,64 GB,Yes,4.4,10999,12999,realme C15 
realme,3i ,Diamond Black,4 GB,64 GB,Yes,4.4,10499,10999,realme 3i 
Apple,iPhone 11 Pro ,Silver,4GB,512 GB,Yes,4.6,140300,140300,Apple iPhone 11 Pro 
LG,W41 ,Magic Blue,4 GB,64 GB,Yes,4.0,8499,16000,LG W41 
realme,Narzo 50i ,Mint Green,2 GB,32 GB,Yes,4.3,7499,7999,realme Narzo 50i 
Apple,iPhone XS ,Gold,4 GB,256 GB,Yes,4.7,76999,103900,Apple iPhone XS 
Apple,iPhone 6s Plus ,Space Grey,2 GB,16 GB,Yes,4.4,72000,72000,Apple iPhone 6s Plus 
realme,Narzo 10A ,So White,3 GB,32 GB,Yes,4.5,8999,9999,realme Narzo 10A 
Apple,iPhone 11 ,Red,4GB,64 GB,Yes,4.6,49900,49900,Apple iPhone 11 
SAMSUNG,Galaxy A52s 5G ,Awesome Violet,6 GB,128 GB,Yes,4.3,35999,38999,SAMSUNG Galaxy A52s 5G 
Nokia,215,Black,8 MB,Expandable Upto 32 GB,Yes,4.1,2200,2200,Nokia 215
HTC,Desire 526G Plus,Glossy Black,1 GB,16 GB,Yes,4.0,9900,9900,HTC Desire 526G Plus
HTC,620G,Milkyway Grey,1 GB,16 GB,Yes,4.1,23999,23999,HTC 620G
Apple,iPhone 11 ,Purple,4GB,128 GB,Yes,4.6,54900,54900,Apple iPhone 11 
Apple,iPhone 6s Plus ,Silver,2 GB,16 GB,Yes,4.4,49999,49999,Apple iPhone 6s Plus 
Apple,iPhone 13 Pro ,Gold,6 GB,1 TB,Yes,,169900,169900,Apple iPhone 13 Pro 
Lenovo,K10 Plus ,Black,4 GB,64 GB,Yes,4.1,13999,13999,Lenovo K10 Plus 
SAMSUNG,Galaxy A22 ,Black,6 GB,128 GB,Yes,4.3,18499,20499,SAMSUNG Galaxy A22 
SAMSUNG,Galaxy S10 ,Prism Black,8 GB,128 GB,Yes,4.6,39999,71000,SAMSUNG Galaxy S10 
SAMSUNG,Galaxy A12 ,White,6 GB,128 GB,Yes,3.9,14999,14999,SAMSUNG Galaxy A12 
SAMSUNG,Metro 350,Black,32 MB,Expandable Upto 16 GB,Yes,4.1,3062,3062,SAMSUNG Metro 350
Apple,iPhone 7 ,Black,2 GB,32 GB,Yes,4.5,24999,31500,Apple iPhone 7 
ASUS,ROG 5s,Storm White,12 GB,256 GB,Yes,,57999,63999,ASUS ROG 5s
Apple,iPhone 13 Pro Max,Silver,4GB,256 GB,Yes,4.7,139900,139900,Apple iPhone 13 Pro Max
SAMSUNG,Galaxy Z Fold3 5G ,Phantom Black,12 GB,256 GB,Yes,4.4,149999,171999,SAMSUNG Galaxy Z Fold3 5G 
Nokia,Asha 311 ,Dark Grey,512 MB,140 MB,Yes,4.0,5999,6879,Nokia Asha 311 
GIONEE,F10 Plus ,Oxford Blue,3 GB,32 GB,Yes,,8590,8590,GIONEE F10 Plus 
HTC,One M8 ,Gunmetal Grey,2 GB,16 GB,Yes,4.4,59900,59900,HTC One M8 
SAMSUNG,M31s ,Mirage Blue,8 GB,128 GB,Yes,4.3,21950,21950,SAMSUNG M31s 
Xiaomi,Redmi Note 7 Pro ,Blue,4 GB,64 GB,Yes,4.5,14450,14899,Xiaomi Redmi Note 7 Pro 
POCO,X2 Special Edition,Atlantic Blue,6 GB,128 GB,Yes,4.5,15999,19999,POCO X2 Special Edition
Xiaomi,Redmi Note 9 Pro ,Champagne Gold,4 GB,128 GB,Yes,4.5,15998,15998,Xiaomi Redmi Note 9 Pro 
SAMSUNG,Metro XL,Black,64 MB,128 MB,Yes,4.2,3271,3271,SAMSUNG Metro XL
SAMSUNG,Galaxy A10s ,Green,2 GB,32 GB,Yes,4.4,9840,9840,SAMSUNG Galaxy A10s 
Apple,iPhone 11 Pro Max ,Midnight Green,4GB,64 GB,Yes,4.7,117100,117100,Apple iPhone 11 Pro Max 
Xiaomi,Redmi K20 ,Flame Red,6 GB,128 GB,Yes,4.5,21349,21349,Xiaomi Redmi K20 
Nokia,7.2,Cyan Green,4 GB,64 GB,Yes,4.1,19999,19999,Nokia 7.2
realme,8 Pro ,Infinite Black,6 GB,128 GB,Yes,4.3,17999,19999,realme 8 Pro 
SAMSUNG,Galaxy A20 ,Black,3 GB,32 GB,Yes,4.3,11490,12900,SAMSUNG Galaxy A20 
vivo,Z1x,Fusion Blue,6 GB,64 GB,Yes,4.5,19990,19990,vivo Z1x
Infinix,S4,Nebula Blue,4 GB,64 GB,Yes,4.3,10999,10999,Infinix S4
Xiaomi,Redmi 6A ,Gold,2 GB,32 GB,Yes,4.3,7499,7499,Xiaomi Redmi 6A 
SAMSUNG,Galaxy M32 5G ,Sky Blue,8 GB,128 GB,Yes,,24998,24998,SAMSUNG Galaxy M32 5G 
SAMSUNG,Galaxy A22 ,Mint,6 GB,128 GB,Yes,4.3,16999,19499,SAMSUNG Galaxy A22 
OPPO,Reno2 F,Sky White,8 GB,128 GB,Yes,4.4,21990,28990,OPPO Reno2 F
Nokia,Lumia 920 ,Black,1 GB,32 GB,Yes,4.3,40699,40699,Nokia Lumia 920 
realme,Narzo 30 Pro 5G ,Sword Black,8 GB,128 GB,Yes,4.3,19999,21999,realme Narzo 30 Pro 5G 
vivo,X50 Pro,Alpha Grey,8 GB,256 GB,Yes,4.5,54990,54990,vivo X50 Pro
GIONEE,S Plus ,White,3 GB,16 GB,Yes,3.7,5555,5555,GIONEE S Plus 
SAMSUNG,Galaxy F22 ,Denim Blue,6 GB,128 GB,Yes,4.3,14999,16999,SAMSUNG Galaxy F22 
Infinix,Note 10,Emerald Green,4 GB,64 GB,Yes,4.2,10999,13999,Infinix Note 10
SAMSUNG,Galaxy A80 ,Ghost White,8 GB,128 GB,Yes,4.4,29899,29899,SAMSUNG Galaxy A80 
Nokia,3,Matte Black,2 GB,16 GB,Yes,3.9,5290,5290,Nokia 3
OPPO,A15S,Fancy white,4 GB,128 GB,Yes,4.3,13489,13489,OPPO A15S
ASUS,Zenfone Go 4.5 ,Black,1 GB,8 GB,Yes,3.9,5299,5299,ASUS Zenfone Go 4.5 
Xiaomi,Redmi Note 11T 5G,Aquamarine Blue,6 GB,128 GB,Yes,4.2,18778,18990,Xiaomi Redmi Note 11T 5G
GIONEE,S6 Pro ,Gold,4 GB,64 GB,Yes,3.6,7997,7997,GIONEE S6 Pro 
ASUS,Zenfone Go 2nd Gen,Red,1 GB,8 GB,Yes,3.7,5299,5299,ASUS Zenfone Go 2nd Gen
vivo,V9,Gold,4 GB,64 GB,Yes,4.5,20990,20990,vivo V9
Infinix,Smart 2,City Blue,2 GB,16 GB,Yes,4.1,6949,6999,Infinix Smart 2
Nokia,106,Black,4 MB,4 MB,Yes,4.2,1560,1560,Nokia 106
HTC,Desire 210,Black,512 MB,4 GB,Yes,3.6,9990,9990,HTC Desire 210
SAMSUNG,Galaxy F22 ,Denim Blue,4 GB,64 GB,Yes,4.3,12999,14999,SAMSUNG Galaxy F22 
HTC,Desire 826 DS,Blue Lagoon,2 GB,16 GB,Yes,3.7,26999,26999,HTC Desire 826 DS
Nokia,5.4,Dusk,6 GB,64 GB,Yes,3.9,14499,18499,Nokia 5.4
SAMSUNG,Galaxy M11 ,Violet,4 GB,64 GB,Yes,4.3,11699,11699,SAMSUNG Galaxy M11 
vivo,Y21T,Pearl White,4 GB,128 GB,Yes,4.1,16490,19990,vivo Y21T
SAMSUNG,Galaxy Core Prime G361 Dual Sim - White ,White,1 GB,8 GB,Yes,3.7,7999,7999,SAMSUNG Galaxy Core Prime G361 Dual Sim - White 
POCO,X2,Matrix Purple,8 GB,256 GB,Yes,4.5,21499,22999,POCO X2
SAMSUNG,Galaxy M40 ,COCKTAIL ORANGE,6 GB,128 GB,Yes,4.1,15490,15490,SAMSUNG Galaxy M40 
GIONEE,S96,Black,64 MB,128 MB,Yes,3.9,2490,2490,GIONEE S96
SAMSUNG,Galaxy A22 5G ,Violet,8 GB,128 GB,Yes,4.2,22450,22450,SAMSUNG Galaxy A22 5G 
vivo,Y20 ,Purist Blue,4 GB,32 GB,Yes,4.4,19490,22990,vivo Y20 
realme,C21Y ,Cross Black,4 GB,64 GB,Yes,4.4,9999,10999,realme C21Y 
Infinix,Hot S3,Bordeaux Red ,3 GB,32 GB,Yes,4.2,9999,9999,Infinix Hot S3
GIONEE,Max ,Royal Blue,2 GB,32 GB,Yes,4.1,6299,7990,GIONEE Max 
SAMSUNG,Galaxy S21 ,Phantom Violet,8 GB,256 GB,Yes,4.3,73999,87999,SAMSUNG Galaxy S21 
OPPO,A9 2020,Vanilla Mint,8 GB,128 GB,Yes,4.3,15990,21990,OPPO A9 2020
Lenovo,S930 ,Silver,1 GB,8 GB,Yes,4.3,13604,13604,Lenovo S930 
SAMSUNG,Galaxy M30s ,Black,4 GB,64 GB,Yes,4.3,14069,15500,SAMSUNG Galaxy M30s 
Lenovo,Vibe P1 Turbo ,Grey,3 GB,32 GB,Yes,3.7,9229,9229,Lenovo Vibe P1 Turbo 
SAMSUNG,Galaxy S20+ ,Cloud Blue,8 GB,128 GB,Yes,4.4,54999,83000,SAMSUNG Galaxy S20+ 
LG,Q7+ ,Black,4 GB,64 GB,Yes,3.2,11849,18990,LG Q7+ 
Motorola,G5,Frosted Silver,6 GB,128 GB,Yes,4.2,20999,24999,Motorola G5
ASUS,Zenfone Go ,Silver Blue,1 GB,8 GB,Yes,3.8,5699,5699,ASUS Zenfone Go 
SAMSUNG,B350,Black,32 MB,2 MB,Yes,4.0,3000,3000,SAMSUNG B350
ASUS,Zenfone Max Pro M1 ,Black,4 GB,64 GB,Yes,4.3,15599,15599,ASUS Zenfone Max Pro M1 
Xiaomi,Redmi Y2 ,Rose Gold,4 GB,64 GB,Yes,,10999,10999,Xiaomi Redmi Y2 
SAMSUNG,Galaxy A03s ,Black,4 GB,64 GB,Yes,4.2,12499,14499,SAMSUNG Galaxy A03s 
Apple,iPhone XR ,Red,3 GB,64 GB,Yes,4.6,42999,47900,Apple iPhone XR 
SAMSUNG,Galaxy A12 ,Blue,4 GB,64 GB,Yes,4.2,15999,15999,SAMSUNG Galaxy A12 
HTC,One 802D,Silver,2 GB,32 GB,Yes,4.1,59590,59590,HTC One 802D
SAMSUNG,Galaxy J5 - 6 New 2016 Edition) ,White,2 GB,16 GB,Yes,4.2,10990,10990,SAMSUNG Galaxy J5 - 6 New 2016 Edition) 
Apple,iPhone 12 Mini ,Purple,4GB,64 GB,Yes,4.5,56999,59900,Apple iPhone 12 Mini 
Apple,iPhone 6s ,Space Grey,2 GB,32 GB,Yes,4.5,25299,29900,Apple iPhone 6s 
Xiaomi,REDMI 9i ,Midnight Black,4 GB,64 GB,Yes,4.2,8799,9999,Xiaomi REDMI 9i 
OPPO,F19 Pro,Fluid Black,8 GB,256 GB,Yes,4.3,23490,25990,OPPO F19 Pro
SAMSUNG,Galaxy Core Prime ,Silver,1 GB,8 GB,Yes,4.1,5490,5490,SAMSUNG Galaxy Core Prime 
Apple,iPhone 12 Mini ,White,4GB,256 GB,Yes,4.5,71999,74900,Apple iPhone 12 Mini 
ASUS,Zenfone Max ,Black,2 GB,32 GB,Yes,4.1,6999,6999,ASUS Zenfone Max 
LG,Spirit ,Black Titan,1 GB,8 GB,Yes,3.8,8000,8000,LG Spirit 
Lenovo,Z2 Plus ,White,4 GB,64 GB,Yes,3.8,19999,19999,Lenovo Z2 Plus 
realme,X ,Polar White,4 GB,128 GB,Yes,4.5,17999,17999,realme X 
Lenovo,A1000 ,Black,1 GB,8 GB,Yes,3.8,3549,3549,Lenovo A1000 
GIONEE,F8 Neo ,Blue,2 GB,32 GB,Yes,3.9,5499,5499,GIONEE F8 Neo 
Nokia,5.1 Plus ,Black,3 GB,32 GB,Yes,4.3,13199,13199,Nokia 5.1 Plus 
GIONEE,F10 ,Black,3 GB,32 GB,Yes,4.1,6660,7990,GIONEE F10 
LG,G7+ ThinQ ,Blue,6 GB,128 GB,Yes,4.4,55000,55000,LG G7+ ThinQ 
SAMSUNG,Galaxy F42 5G ,Matte Aqua,8 GB,128 GB,Yes,4.1,22999,25999,SAMSUNG Galaxy F42 5G 
Motorola,E5 Plus,Fine Gold,3 GB,32 GB,Yes,4.2,11999,11999,Motorola E5 Plus
Nokia,220,Black,8 MB,2 MB,Yes,4.0,2999,2999,Nokia 220
Apple,iPhone 7 Plus ,Silver,3 GB,32 GB,Yes,4.5,36999,37900,Apple iPhone 7 Plus 
ASUS,Zenfone Selfie ,Pink,3 GB,32 GB,Yes,4.0,17999,17999,ASUS Zenfone Selfie 
GIONEE,P5_W ,Gold,1 GB,16 GB,Yes,3.8,4190,4190,GIONEE P5_W 
Motorola,E5,Grey,2 GB,16 GB,Yes,4.3,12000,12000,Motorola E5
Nokia,1,Dark Blue,1 GB,8 GB,Yes,3.9,4800,4800,Nokia 1
SAMSUNG,Galaxy Note 10 ,Aura Red,8 GB,256 GB,Yes,4.5,73600,75000,SAMSUNG Galaxy Note 10 
OPPO,R1 R829,Black,1 GB,16 GB,Yes,3.0,24990,24990,OPPO R1 R829
OPPO,A52,Stream White,8 GB,128 GB,Yes,4.3,20990,20990,OPPO A52
SAMSUNG,Galaxy A52 ,Awesome Blue,8 GB,128 GB,Yes,4.4,28999,31999,SAMSUNG Galaxy A52 
vivo,V23 5G,Stardust Black,12 GB,256 GB,Yes,4.4,34990,37990,vivo V23 5G
vivo,Y72 5G ,Slate Gray,4 GB,128 GB,Yes,4.4,21099,32990,vivo Y72 5G 
realme,Narzo 20 ,Victory Blue,4 GB,128 GB,Yes,4.3,11499,13999,realme Narzo 20 
SAMSUNG,M31 ,Ocean Blue,6 GB,128 GB,Yes,4.3,17845,17999,SAMSUNG M31 
Apple,iPhone SE ,Red,2 GB,128 GB,Yes,4.5,44900,44900,Apple iPhone SE 
Xiaomi,Redmi Note 7S ,Astro Moonlight White,4 GB,64 GB,Yes,4.4,13999,13999,Xiaomi Redmi Note 7S 
Nokia,3.1 Plus ,Charcoal,3 GB,32 GB,Yes,4.2,7088,12799,Nokia 3.1 Plus 
SAMSUNG,Galaxy M12 ,Black,4 GB,64 GB,Yes,4.2,11290,12490,SAMSUNG Galaxy M12 
SAMSUNG,Galaxy A50 ,White,4 GB,64 GB,Yes,4.3,21000,21000,SAMSUNG Galaxy A50 
Lenovo,Vibe K5 Note ,Silver,4 GB,32 GB,Yes,4.1,12499,12499,Lenovo Vibe K5 Note 
OPPO,A31,Fantasy White,4 GB,64 GB,Yes,4.3,12199,12319,OPPO A31
realme,6i ,Lunar White,6 GB,64 GB,Yes,4.4,13999,15999,realme 6i 
Xiaomi,REDMI 9 Power ,Fiery Red,6 GB,128 GB,Yes,4.1,13499,16999,Xiaomi REDMI 9 Power 
Apple,iPhone 6s ,Rose Gold,2 GB,128 GB,Yes,4.5,55999,55999,Apple iPhone 6s 
Infinix,S4,Twilight Purple,3 GB,32 GB,Yes,4.2,9999,9999,Infinix S4
Apple,iPhone 11 ,Purple,4GB,128 GB,Yes,4.6,54900,54900,Apple iPhone 11 
SAMSUNG,Galaxy J1 ,White,512 MB,4 GB,Yes,4.0,6190,6190,SAMSUNG Galaxy J1 
Apple,iPhone 7 ,Red,2 GB,256 GB,Yes,4.7,74400,74400,Apple iPhone 7 
Infinix,Note 10,Black,4 GB,64 GB,Yes,4.2,10999,13999,Infinix Note 10
Xiaomi,Redmi Note 7 Pro ,Space Black,6 GB,64 GB,Yes,4.5,15999,15999,Xiaomi Redmi Note 7 Pro 
vivo,V9 Youth,Gold,4 GB,32 GB,Yes,4.4,17990,17990,vivo V9 Youth
SAMSUNG,Galaxy A80 ,Phantom Black,8 GB,128 GB,Yes,4.4,29899,29899,SAMSUNG Galaxy A80 
OPPO,Reno2,Ocean Blue,8 GB,256 GB,Yes,4.4,38990,39990,OPPO Reno2
SAMSUNG,Galaxy M20 ,Charcoal Black,3 GB,32 GB,Yes,4.3,10848,11290,SAMSUNG Galaxy M20 
Motorola,X4,Sterling Blue,4 GB,64 GB,Yes,4.3,23999,23999,Motorola X4
realme,C15 ,Power Blue,4 GB,,Yes,4.4,10999,12999,realme C15 
vivo,Y12s ,Glacier Blue,3 GB,32 GB,Yes,4.4,32990,32990,vivo Y12s 
Apple,iPhone 12 Pro Max ,Graphite,,256 GB,Yes,4.6,129900,129900,Apple iPhone 12 Pro Max 
Lenovo,A536 ,Black,1 GB,8 GB,Yes,3.8,7700,7700,Lenovo A536 
Infinix,Note 11S Free Fire Edition,Haze Green,8 GB,128 GB,Yes,4.3,15999,18999,Infinix Note 11S Free Fire Edition
SAMSUNG,Galaxy M30s ,White,6 GB,128 GB,Yes,4.1,16999,16999,SAMSUNG Galaxy M30s 
realme,1,Diamond Red,3 GB,32 GB,Yes,,11900,12990,realme 1
SAMSUNG,Galaxy A51 ,Prism Crush Blue,8 GB,128 GB,Yes,4.3,22499,29999,SAMSUNG Galaxy A51 
Infinix,Hot 11S,Green Wave,4 GB,128 GB,Yes,4.3,11999,14999,Infinix Hot 11S
Apple,iPhone 7 ,Red,2 GB,256 GB,Yes,4.7,74400,74400,Apple iPhone 7 
SAMSUNG,Galaxy S9 Plus ,Midnight Black,6 GB,128 GB,Yes,4.5,68900,68900,SAMSUNG Galaxy S9 Plus 
realme,Narzo 30 Pro 5G ,Blade Silver,8 GB,128 GB,Yes,4.3,19999,21999,realme Narzo 30 Pro 5G 
realme,9 5G SE,Azure Glow,6 GB,128 GB,Yes,4.5,19999,24999,realme 9 5G SE
POCO,X2,Pheonix Red,6 GB,128 GB,Yes,4.5,15999,19999,POCO X2
Infinix,Hot 7 Pro,Aqua Blue,6 GB,64 GB,Yes,4.2,10999,10999,Infinix Hot 7 Pro
OPPO,Hardik Pandya Limited Editon,Black,4 GB,64 GB,Yes,4.4,22990,22990,OPPO Hardik Pandya Limited Editon
SAMSUNG,Metro 350,Black,32 MB,Expandable Upto 16 GB,Yes,4.1,2849,2849,SAMSUNG Metro 350
Nokia,108 Dual SIM,Black,4 MB,4 MB,Yes,4.2,1900,1900,Nokia 108 Dual SIM
realme,C25Y ,Glacier Blue,4 GB,64 GB,Yes,4.5,10999,12999,realme C25Y 
SAMSUNG,Galaxy A20s ,Black,3 GB,32 GB,Yes,4.3,11599,12900,SAMSUNG Galaxy A20s 
Xiaomi,REDMI 9 Prime ,Matte Black,4 GB,64 GB,Yes,4.4,10499,11999,Xiaomi REDMI 9 Prime 
Nokia,6.1 Plus ,Black,6 GB,64 GB,Yes,4.1,11490,17999,Nokia 6.1 Plus 
ASUS,ZenFone 5Z ,Midnight Blue,6 GB,64 GB,Yes,4.5,32999,32999,ASUS ZenFone 5Z 
Infinix,S5 Pro,Sea Blue,4 GB,64 GB,Yes,4.4,12999,12999,Infinix S5 Pro
realme,X2 ,Pearl Green,6 GB,128 GB,Yes,4.5,19999,19999,realme X2 
Motorola,G10 Power ,Aurora Grey,4 GB,64 GB,Yes,4.1,10499,12999,Motorola G10 Power 
OPPO,A11K,Flowing Silver,2 GB,32 GB,Yes,4.2,8990,10990,OPPO A11K
ASUS,ZenFone Max M2 ,Blue,4 GB,64 GB,Yes,4.3,14999,14999,ASUS ZenFone Max M2 
Apple,iPhone 13 ,Blue,4GB,512 GB,Yes,,109900,109900,Apple iPhone 13 
Motorola,One Vision ,Sapphire Gradient,4 GB,128 GB,Yes,4.2,14999,22999,Motorola One Vision 
Nokia,215 4G DS 2020,Black,64 MB,128 MB,Yes,3.7,3162,3299,Nokia 215 4G DS 2020
Apple,iPhone XS ,Gold,4 GB,512 GB,Yes,4.7,134900,134900,Apple iPhone XS 
vivo,Y21 ,Diamond Glow,2 GB,32 GB,Yes,4.3,34990,39990,vivo Y21 
Xiaomi,11 Lite NE,Diamond Dazzle,6 GB,128 GB,Yes,4.4,24798,24798,Xiaomi 11 Lite NE
SAMSUNG,Metro 313 Dual Sim,Black,4 MB,2 MB,Yes,4.3,2340,2340,SAMSUNG Metro 313 Dual Sim
Motorola,G5s,Fine Gold,4 GB,32 GB,Yes,4.1,8390,14999,Motorola G5s
realme,2,Diamond Black,4 GB,64 GB,Yes,4.4,11990,11990,realme 2
SAMSUNG,Galaxy Fold 2 ,Mystic Bronze,12 GB,256 GB,Yes,3.0,149999,189999,SAMSUNG Galaxy Fold 2 
OPPO,A1K,Red,2 GB,32 GB,Yes,4.3,8490,13400,OPPO A1K
Infinix,Hot 10 Play,Obsidian Black,3 GB,32 GB,Yes,4.3,8299,9999,Infinix Hot 10 Play
SAMSUNG,Galaxy S20 Ultra ,Cosmic Black,12 GB,128 GB,Yes,4.2,70490,70999,SAMSUNG Galaxy S20 Ultra 
Apple,iPhone X ,Space Gray,3 GB,64 GB,Yes,4.6,91900,91900,Apple iPhone X 
LG,Q Stylus ,Black,3 GB,32 GB,Yes,3.8,20000,20000,LG Q Stylus 
Apple,iPhone 13 Pro Max ,Gold,6 GB,128 GB,Yes,,129900,129900,Apple iPhone 13 Pro Max 
ASUS,ROG Phone 5 Pro ,Black,16 GB,512 GB,Yes,,69999,75999,ASUS ROG Phone 5 Pro 
SAMSUNG,Galaxy S Duos 2 ,Black,512 MB,4 GB,Yes,4.0,5999,5999,SAMSUNG Galaxy S Duos 2 
SAMSUNG,Metro 313,Black,4 MB,2 MB,Yes,4.2,2299,2299,SAMSUNG Metro 313
POCO,M4 Pro 5G,Cool Blue,6 GB,128 GB,Yes,4.4,16999,19999,POCO M4 Pro 5G
Nokia,225,Black,,Expandable Upto 32 GB,Yes,3.6,3499,3499,Nokia 225
Apple,iPhone SE ,White,2 GB,128 GB,Yes,4.5,44900,44900,Apple iPhone SE 
Apple,iPhone 13 Pro ,Gold,6 GB,128 GB,Yes,,119900,119900,Apple iPhone 13 Pro 
GIONEE,F9 ,Blue,3 GB,32 GB,Yes,4.2,7900,7900,GIONEE F9 
